Sample name;Peptide sequence;Identification probability;Mascot Ion score;X! Tandem -log(e) score;Modification;Calculated mass (u);Charge (z);Measured mass error (ppm)
Degraded_Replicate_01;CTGQSADCPR;99,7%;23,9;3,6;Carbamidomethyl (+57), Deamidated (+1), Carbamidomethyl (+57);1151,4;2;-4,4
Degraded_Replicate_01;CTGQSADCPR;99,7%;45,4;1,2;Carbamidomethyl (+57), Carbamidomethyl (+57);1150,5;2;-0,4
Degraded_Replicate_01;CTGQSADCPR;99,7%;57,1;1,3;Carbamidomethyl (+57), Carbamidomethyl (+57), Carbamidomethyl (+57);1207,5;2;-1,3
Degraded_Replicate_01;GNVNDYEVVYPR;99,7%;N.A.;3,2;;1423,7;2;1,9
Degraded_Replicate_01;ISHDHAQLLTTIVFDNYVIGITK;99,7%;32,1;3,4;;2597,4;3;-1,2
Degraded_Replicate_01;KYNSNLNTIR;99,7%;38,2;2,7;;1221,7;2;-1,0
Degraded_Replicate_01;LANLEVWSK;99,7%;N.A.;3,4;;1058,6;2;-0,5
Degraded_Replicate_01;LRPGAQCAEGLCCDQCR;99,7%;18,5;2,4;Carbamidomethyl (+57), Carbamidomethyl (+57), Carbamidomethyl (+57), Carbamidomethyl (+57), Carbamidomethyl (+57);2106,9;2;0,3
Degraded_Replicate_01;LRPGAQCAEGLCCDQCR;99,7%;23,0;3,5;Carbamidomethyl (+57), Carbamidomethyl (+57), Carbamidomethyl (+57), Carbamidomethyl (+57);2049,9;2;2,2
Degraded_Replicate_01;LSVGVVR;98,8%;41,5;1,0;;728,5;2;0,4
Degraded_Replicate_01;LVVVADHGMFK;99,7%;N.A.;3,4;;1214,7;3;0,4
Degraded_Replicate_01;NPCCDAATCK;99,7%;18,7;3,8;Carbamidomethyl (+57), Carbamidomethyl (+57), Carbamidomethyl (+57);1195,4;2;-2,9
Degraded_Replicate_01;SETHYSPDGR;99,7%;N.A.;2,0;;1147,5;2;-6,3
Degraded_Replicate_01;SVNVTASLANLEVWSK;99,7%;16,7;3,0;Deamidated (+1);1717,9;2;1,9
Degraded_Replicate_01;TLTSFGEWR;99,7%;24,1;2,9;;1095,5;2;-2,0
Degraded_Replicate_01;WVHEMLNTVNGFFR;99,7%;22,0;2,2;Deamidated (+1);1749,8;2;6,9
Degraded_Replicate_01;WVHEMLNTVNGFFR;99,7%;28,4;2,7;;1748,9;3;0,3
Degraded_Replicate_01;YIELVVVADHGMFK;99,7%;28,1;2,9;;1619,8;3;2,5
Degraded_Replicate_01;YIELVVVADHGMFK;99,7%;31,9;3,4;Dethiomethyl (-48);1571,8;3;-0,4
Degraded_Replicate_01;YIELVVVADHGMFK;99,7%;58,8;3,9;Carbamidomethyl (+57);1676,9;2;-2,3
Degraded_Replicate_01;YNSNLNTIR;99,7%;40,5;1,2;Deamidated (+1);1094,5;2;-0,1
Degraded_Replicate_01;YNSNLNTIR;99,7%;39,2;2,9;;1093,6;2;-0,7
Degraded_Replicate_01;YNSNLNTIR;99,7%;44,8;1,1;Carbamidomethyl (+57);1150,6;2;0,6
Degraded_Replicate_02;CTGQSADCPR;99,7%;17,0;3,2;Carbamidomethyl (+57), Deamidated (+1), Carbamidomethyl (+57);1151,4;2;1,2
Degraded_Replicate_02;CTGQSADCPR;99,7%;30,3;3,0;Carbamidomethyl (+57), Carbamidomethyl (+57), Carbamidomethyl (+57);1207,5;2;5,7
Degraded_Replicate_02;CTGQSADCPR;99,7%;43,2;5,1;Carbamidomethyl (+57), Carbamidomethyl (+57);1150,5;2;0,7
Degraded_Replicate_02;GNVNDYEVVYPR;99,7%;N.A.;2,1;;1423,7;2;3,1
Degraded_Replicate_02;ISHDHAQLLTTIVFDNYVIGITK;99,7%;40,1;1,5;Carbamidomethyl (+57);2654,4;4;3,6
Degraded_Replicate_02;ISHDHAQLLTTIVFDNYVIGITK;99,7%;43,4;2,9;;2597,4;4;-0,3
Degraded_Replicate_02;KWVHEMLNTVNGFFR;99,6%;47,0;0,0;Deamidated (+1);1877,9;3;-3,3
Degraded_Replicate_02;KWVHEMLNTVNGFFR;99,7%;54,1;1,8;;1876,9;3;2,3
Degraded_Replicate_02;KYNSNLNTIR;99,7%;40,7;2,5;;1221,7;2;0,3
Degraded_Replicate_02;LRPGAQCAEGLCCDQCR;99,7%;12,6;3,8;Carbamidomethyl (+57), Carbamidomethyl (+57), Carbamidomethyl (+57), Carbamidomethyl (+57);2049,9;2;1,7
Degraded_Replicate_02;LRPGAQCAEGLCCDQCR;99,7%;26,6;2,6;Carbamidomethyl (+57), Carbamidomethyl (+57), Carbamidomethyl (+57), Carbamidomethyl (+57), Carbamidomethyl (+57);2106,9;3;-2,7
Degraded_Replicate_02;LSVGVVR;98,8%;42,0;1,0;;728,5;2;1,2
Degraded_Replicate_02;NPCCDAATCK;99,7%;36,7;5,1;Carbamidomethyl (+57), Carbamidomethyl (+57), Carbamidomethyl (+57);1195,4;2;0,3
Degraded_Replicate_02;SETHYSPDGR;99,7%;N.A.;2,3;;1147,5;3;1,5
Degraded_Replicate_02;SVNVTASLANLEVWSK;99,7%;19,6;4,1;Deamidated (+1);1717,9;2;2,1
Degraded_Replicate_02;TLTSFGEWR;99,7%;35,3;2,0;;1095,5;2;-1,3
Degraded_Replicate_02;WVHEMLNTVNGFFR;99,7%;27,7;3,2;Deamidated (+1);1749,8;2;7,3
Degraded_Replicate_02;WVHEMLNTVNGFFR;99,7%;34,8;4,2;Dethiomethyl (-48), Deamidated (+1);1701,8;3;-3,9
Degraded_Replicate_02;WVHEMLNTVNGFFR;99,7%;37,2;2,4;;1748,8;3;-3,1
Degraded_Replicate_02;YIELVVVADHGMFK;99,7%;22,3;2,5;;1619,8;3;-0,3
Degraded_Replicate_02;YIELVVVADHGMFK;99,7%;24,4;3,0;Dethiomethyl (-48);1571,8;3;-0,2
Degraded_Replicate_02;YNSNLNTIR;99,7%;51,0;1,0;Deamidated (+1);1094,5;2;-0,8
Degraded_Replicate_02;YNSNLNTIR;99,7%;35,5;2,4;Carbamidomethyl (+57);1150,6;2;-0,2
Degraded_Replicate_02;YNSNLNTIR;99,7%;42,0;2,7;;1093,6;2;0,6
Floodplain_Replicate_01;CTGQSADCPR;99,7%;30,9;2,5;Carbamidomethyl (+57), Deamidated (+1), Carbamidomethyl (+57);1151,4;2;-2,1
Floodplain_Replicate_01;CTGQSADCPR;99,7%;44,9;0,5;Carbamidomethyl (+57), Carbamidomethyl (+57);1150,5;2;-0,1
Floodplain_Replicate_01;GNVNDYEVVYPR;99,7%;N.A.;2,3;;1423,7;2;2,8
Floodplain_Replicate_01;ISHDHAQLLTTIVFDNYVIGITK;99,7%;35,4;2,6;;2597,4;4;-1,1
Floodplain_Replicate_01;ISHDHAQLLTTIVFDNYVIGITK;99,7%;56,4;3,4;Carbamidomethyl (+57);2654,4;4;5,0
Floodplain_Replicate_01;KWVHEMLNTVNGFFR;99,7%;42,1;0,7;;1876,9;3;0,1
Floodplain_Replicate_01;KWVHEMLNTVNGFFR;99,7%;30,7;2,4;Deamidated (+1);1877,9;3;-0,1
Floodplain_Replicate_01;KYNSNLNTIR;99,7%;43,5;1,9;Carbamidomethyl (+57);1278,7;3;0,9
Floodplain_Replicate_01;LANLEVWSK;99,7%;N.A.;2,2;;1058,6;2;-0,7
Floodplain_Replicate_01;LRPGAQCAEGLCCDQCR;99,7%;19,6;3,7;Carbamidomethyl (+57), Carbamidomethyl (+57), Carbamidomethyl (+57), Carbamidomethyl (+57);2049,9;2;5,6
Floodplain_Replicate_01;LRPGAQCAEGLCCDQCR;99,7%;30,2;4,7;Carbamidomethyl (+57), Carbamidomethyl (+57), Carbamidomethyl (+57), Carbamidomethyl (+57), Carbamidomethyl (+57);2106,9;3;-1,2
Floodplain_Replicate_01;LSVGVVR;98,8%;42,4;2,0;;728,5;2;-0,4
Floodplain_Replicate_01;LVVVADHGMFK;99,7%;N.A.;5,5;;1214,7;2;-1,4
Floodplain_Replicate_01;NPCCDAATCK;99,7%;35,1;2,2;Carbamidomethyl (+57), Carbamidomethyl (+57), Carbamidomethyl (+57);1195,4;2;-2,8
Floodplain_Replicate_01;SVNVTASLANLEVWSK;99,7%;64,4;1,5;Deamidated (+1);1717,9;3;2,4
Floodplain_Replicate_01;TLTSFGEWR;99,7%;25,4;2,4;;1095,5;2;4,9
Floodplain_Replicate_01;WVHEMLNTVNGFFR;99,7%;16,2;3,9;Deamidated (+1);1749,8;2;3,1
Floodplain_Replicate_01;WVHEMLNTVNGFFR;99,7%;22,8;7,3;Deamidated (+1), Deamidated (+1);1750,8;2;7,5
Floodplain_Replicate_01;WVHEMLNTVNGFFR;99,7%;27,6;3,0;Dethiomethyl (-48), Deamidated (+1);1701,8;3;2,0
Floodplain_Replicate_01;WVHEMLNTVNGFFR;99,7%;27,7;2,6;;1748,9;3;2,8
Floodplain_Replicate_01;YIELVVVADHGMFK;99,7%;20,2;2,8;Carbamidomethyl (+57);1676,9;3;2,4
Floodplain_Replicate_01;YIELVVVADHGMFK;99,7%;25,0;2,1;;1619,8;3;0,2
Floodplain_Replicate_01;YIELVVVADHGMFK;99,7%;33,1;3,4;Dethiomethyl (-48);1571,8;3;-1,5
Floodplain_Replicate_01;YNSNLNTIR;99,7%;50,4;1,6;Deamidated (+1);1094,5;2;0,8
Floodplain_Replicate_01;YNSNLNTIR;99,7%;26,0;2,1;Carbamidomethyl (+57);1150,6;2;-0,5
Floodplain_Replicate_01;YNSNLNTIR;99,7%;34,6;2,0;;1093,6;2;-0,9
Floodplain_Replicate_01;YNSNLNTIR;99,7%;54,7;2,6;Carbamidomethyl (+57), Deamidated (+1);1151,6;2;1,0
Floodplain_Replicate_02;CTGQSADCPR;99,7%;22,6;4,1;Carbamidomethyl (+57), Deamidated (+1), Carbamidomethyl (+57);1151,4;2;0,6
Floodplain_Replicate_02;CTGQSADCPR;99,7%;36,9;4,4;Carbamidomethyl (+57), Carbamidomethyl (+57);1150,5;2;-0,2
Floodplain_Replicate_02;GNVNDYEVVYPR;99,7%;N.A.;2,3;;1423,7;2;0,7
Floodplain_Replicate_02;ISHDHAQLLTTIVFDNYVIGITK;99,7%;55,0;0,8;Carbamidomethyl (+57);2654,4;4;5,3
Floodplain_Replicate_02;ISHDHAQLLTTIVFDNYVIGITK;99,7%;41,4;2,9;;2597,4;4;3,1
Floodplain_Replicate_02;KWVHEMLNTVNGFFR;99,7%;47,5;-0,2;Deamidated (+1);1877,9;3;3,0
Floodplain_Replicate_02;KWVHEMLNTVNGFFR;99,7%;38,8;2,0;;1876,9;3;0,0
Floodplain_Replicate_02;KYNSNLNTIR;99,7%;42,1;1,1;;1221,7;2;0,7
Floodplain_Replicate_02;LANLEVWSK;99,7%;N.A.;2,1;;1058,6;2;1,8
Floodplain_Replicate_02;LRPGAQCAEGLCCDQCR;99,7%;10,5;2,6;Carbamidomethyl (+57), Carbamidomethyl (+57), Carbamidomethyl (+57), Carbamidomethyl (+57);2049,9;2;3,5
Floodplain_Replicate_02;LRPGAQCAEGLCCDQCR;99,7%;26,6;5,9;Carbamidomethyl (+57), Carbamidomethyl (+57), Carbamidomethyl (+57), Carbamidomethyl (+57), Carbamidomethyl (+57);2106,9;2;5,8
Floodplain_Replicate_02;LSVGVVR;98,8%;40,4;0,9;;728,5;2;2,0
Floodplain_Replicate_02;NPCCDAATCK;99,7%;17,7;2,1;Carbamidomethyl (+57), Carbamidomethyl (+57), Carbamidomethyl (+57);1195,4;2;1,5
Floodplain_Replicate_02;SETHYSPDGR;99,7%;N.A.;2,3;;1147,5;3;2,3
Floodplain_Replicate_02;SVNVTASLANLEVWSK;99,7%;11,1;3,6;Deamidated (+1);1717,9;2;-0,6
Floodplain_Replicate_02;TLTSFGEWR;99,7%;19,1;2,1;;1095,5;2;1,6
Floodplain_Replicate_02;WVHEMLNTVNGFFR;99,7%;25,2;2,0;Dethiomethyl (-48), Deamidated (+1);1701,8;3;-1,6
Floodplain_Replicate_02;WVHEMLNTVNGFFR;99,7%;14,1;2,7;;1748,9;3;3,4
Floodplain_Replicate_02;WVHEMLNTVNGFFR;99,7%;19,8;3,4;Deamidated (+1);1749,8;3;0,8
Floodplain_Replicate_02;WVHEMLNTVNGFFR;99,7%;33,0;5,4;Deamidated (+1), Deamidated (+1);1750,8;2;9,1
Floodplain_Replicate_02;YIELVVVADHGMFK;99,7%;19,7;2,2;;1619,8;3;-0,1
Floodplain_Replicate_02;YIELVVVADHGMFK;99,7%;24,3;4,5;Carbamidomethyl (+57);1676,9;3;1,8
Floodplain_Replicate_02;YIELVVVADHGMFK;99,7%;27,1;2,5;Dethiomethyl (-48);1571,8;3;2,3
Floodplain_Replicate_02;YNSNLNTIR;99,7%;41,2;1,5;Deamidated (+1);1094,5;2;3,5
Floodplain_Replicate_02;YNSNLNTIR;99,7%;17,2;2,4;Carbamidomethyl (+57);1150,6;2;3,3
Floodplain_Replicate_02;YNSNLNTIR;99,7%;39,3;3,1;;1093,6;2;1,6
Forest_Replicate_01;CTGQSADCPR;99,7%;8,7;2,1;Carbamidomethyl (+57), Deamidated (+1), Carbamidomethyl (+57);1151,4;2;0,8
Forest_Replicate_01;CTGQSADCPR;99,7%;48,3;2,3;Carbamidomethyl (+57), Carbamidomethyl (+57);1150,5;2;-0,3
Forest_Replicate_01;ISHDHAQLLTTIVFDNYVIGITK;99,7%;41,5;1,3;Carbamidomethyl (+57);2654,4;4;3,7
Forest_Replicate_01;ISHDHAQLLTTIVFDNYVIGITK;99,7%;49,2;5,8;;2597,4;3;1,0
Forest_Replicate_01;KWVHEMLNTVNGFFR;99,7%;40,8;2,7;;1876,9;3;-2,2
Forest_Replicate_01;KWVHEMLNTVNGFFR;99,7%;67,7;1,5;Deamidated (+1);1877,9;3;-1,2
Forest_Replicate_01;KYNSNLNTIR;99,7%;35,5;2,7;;1221,6;2;-1,8
Forest_Replicate_01;LANLEVWSK;99,7%;N.A.;2,7;;1058,6;2;-0,0
Forest_Replicate_01;LRPGAQCAEGLCCDQCR;99,7%;21,3;2,1;Carbamidomethyl (+57), Carbamidomethyl (+57), Carbamidomethyl (+57), Carbamidomethyl (+57), Carbamidomethyl (+57);2106,9;2;0,4
Forest_Replicate_01;LRPGAQCAEGLCCDQCR;99,7%;28,1;4,8;Carbamidomethyl (+57), Carbamidomethyl (+57), Carbamidomethyl (+57), Carbamidomethyl (+57);2049,9;2;-1,5
Forest_Replicate_01;LRPGAQCAEGLCCDQCR;99,7%;34,0;5,6;Deamidated (+1), Carbamidomethyl (+57), Carbamidomethyl (+57), Carbamidomethyl (+57), Carbamidomethyl (+57);2050,9;3;5,0
Forest_Replicate_01;LRPGAQCAEGLCCDQCR;99,7%;49,5;4,5;Carbamidomethyl (+57), Carbamidomethyl (+57), Carbamidomethyl (+57), Deamidated (+1), Carbamidomethyl (+57);2050,9;3;2,6
Forest_Replicate_01;LSVGVVR;98,8%;41,4;1,1;;728,5;2;0,1
Forest_Replicate_01;LVVVADHGMFK;99,7%;N.A.;2,1;;1214,7;3;0,8
Forest_Replicate_01;NPCCDAATCK;99,7%;9,3;2,4;Carbamidomethyl (+57), Carbamidomethyl (+57), Carbamidomethyl (+57);1195,4;2;-6,6
Forest_Replicate_01;SVNVTASLANLEVWSK;99,7%;27,6;3,8;Deamidated (+1);1717,9;2;1,1
Forest_Replicate_01;TLTSFGEWR;99,7%;17,7;2,0;;1095,5;2;1,5
Forest_Replicate_01;WVHEMLNTVNGFFR;99,7%;19,2;4,3;Deamidated (+1), Deamidated (+1);1750,8;2;8,1
Forest_Replicate_01;WVHEMLNTVNGFFR;99,7%;20,9;2,1;;1748,9;3;0,2
Forest_Replicate_01;WVHEMLNTVNGFFR;99,7%;28,4;3,0;Deamidated (+1);1749,8;2;2,9
Forest_Replicate_01;YIELVVVADHGMFK;99,5%;59,2;0,0;Carbamidomethyl (+57);1676,8;2;-9,5
Forest_Replicate_01;YIELVVVADHGMFK;99,7%;13,8;2,8;Carbamidomethyl (+57), Dethiomethyl (-48);1628,9;3;3,6
Forest_Replicate_01;YIELVVVADHGMFK;99,7%;31,7;2,5;Dethiomethyl (-48);1571,8;3;-1,3
Forest_Replicate_01;YIELVVVADHGMFK;99,7%;40,9;3,3;;1619,8;3;-1,0
Forest_Replicate_01;YNSNLNTIR;99,7%;50,6;1,0;Deamidated (+1);1094,5;2;0,3
Forest_Replicate_01;YNSNLNTIR;99,7%;32,1;2,0;Carbamidomethyl (+57);1150,6;2;-0,7
Forest_Replicate_01;YNSNLNTIR;99,7%;44,6;2,9;;1093,6;2;-0,7
Forest_Replicate_02;CTGQSADCPR;99,7%;24,4;4,0;Carbamidomethyl (+57), Deamidated (+1), Carbamidomethyl (+57);1151,4;2;-0,0
Forest_Replicate_02;CTGQSADCPR;99,7%;35,6;2,5;Carbamidomethyl (+57), Carbamidomethyl (+57);1150,5;2;0,5
Forest_Replicate_02;ISHDHAQLLTTIVFDNYVIGITK;99,7%;45,7;3,5;;2597,4;4;7,7
Forest_Replicate_02;KWVHEMLNTVNGFFR;99,7%;49,5;0,7;Deamidated (+1);1877,9;3;2,2
Forest_Replicate_02;KWVHEMLNTVNGFFR;99,7%;43,2;2,9;;1876,9;3;-1,9
Forest_Replicate_02;LANLEVWSK;99,7%;N.A.;2,1;;1058,6;2;6,4
Forest_Replicate_02;LRPGAQCAEGLCCDQCR;99,7%;16,4;3,5;Carbamidomethyl (+57), Carbamidomethyl (+57), Carbamidomethyl (+57), Carbamidomethyl (+57);2049,9;2;1,2
Forest_Replicate_02;LRPGAQCAEGLCCDQCR;99,7%;19,3;4,0;Carbamidomethyl (+57), Carbamidomethyl (+57), Carbamidomethyl (+57), Carbamidomethyl (+57), Carbamidomethyl (+57);2106,9;3;3,6
Forest_Replicate_02;LSVGVVR;98,8%;40,7;0,3;;728,5;2;1,7
Forest_Replicate_02;NPCCDAATCK;99,7%;30,1;2,2;Carbamidomethyl (+57), Carbamidomethyl (+57), Carbamidomethyl (+57);1195,5;2;3,0
Forest_Replicate_02;SVNVTASLANLEVWSK;99,7%;39,9;5,4;Deamidated (+1);1717,9;2;3,9
Forest_Replicate_02;TLTSFGEWR;99,7%;32,4;2,7;;1095,5;2;0,9
Forest_Replicate_02;WVHEMLNTVNGFFR;99,7%;22,6;2,7;;1748,9;3;1,9
Forest_Replicate_02;WVHEMLNTVNGFFR;99,7%;30,1;2,4;Dethiomethyl (-48), Deamidated (+1);1701,8;3;-5,5
Forest_Replicate_02;WVHEMLNTVNGFFR;99,7%;34,1;2,7;Deamidated (+1);1749,8;2;7,5
Forest_Replicate_02;YIELVVVADHGMFK;99,7%;18,5;2,9;Carbamidomethyl (+57), Dethiomethyl (-48);1628,9;3;1,3
Forest_Replicate_02;YIELVVVADHGMFK;99,7%;27,7;3,4;Dethiomethyl (-48);1571,8;3;2,3
Forest_Replicate_02;YIELVVVADHGMFK;99,7%;30,2;2,5;;1619,8;3;3,1
Forest_Replicate_02;YNSNLNTIR;99,7%;35,2;2,7;Carbamidomethyl (+57);1150,6;2;2,0
Forest_Replicate_02;YNSNLNTIR;99,7%;42,4;2,7;;1093,6;2;2,2
Forest_Replicate_02;YNSNLNTIR;99,7%;49,4;1,4;Deamidated (+1);1094,5;2;0,4
Pasture_Replicate_01;CTGQSADCPR;99,7%;26,3;3,0;Carbamidomethyl (+57), Carbamidomethyl (+57);1150,5;2;-3,1
Pasture_Replicate_01;CTGQSADCPR;99,7%;28,1;4,2;Carbamidomethyl (+57), Deamidated (+1), Carbamidomethyl (+57);1151,4;2;-3,3
Pasture_Replicate_01;CTGQSADCPR;99,7%;41,6;1,8;Carbamidomethyl (+57), Carbamidomethyl (+57), Carbamidomethyl (+57);1207,5;2;-1,3
Pasture_Replicate_01;ISHDHAQLLTTIVFDNYVIGITK;99,7%;37,4;2,1;Carbamidomethyl (+57);2654,4;4;6,7
Pasture_Replicate_01;ISHDHAQLLTTIVFDNYVIGITK;99,7%;40,4;4,2;;2597,4;4;-5,2
Pasture_Replicate_01;ISHDHAQLLTTIVFDNYVIGITK;99,7%;41,7;1,3;Carbamidomethyl (+57), Carbamidomethyl (+57);2711,4;4;3,3
Pasture_Replicate_01;KWVHEMLNTVNGFFR;99,7%;42,1;0,4;Deamidated (+1);1877,9;3;-3,1
Pasture_Replicate_01;KWVHEMLNTVNGFFR;99,7%;41,9;1,9;;1876,9;3;1,4
Pasture_Replicate_01;KYNSNLNTIR;99,7%;23,0;2,4;;1221,6;2;-1,5
Pasture_Replicate_01;KYNSNLNTIR;99,7%;45,0;1,8;Carbamidomethyl (+57);1278,7;2;0,0
Pasture_Replicate_01;LANLEVWSK;99,7%;N.A.;2,3;;1058,6;2;2,6
Pasture_Replicate_01;LRPGAQCAEGLCCDQCR;99,7%;19,3;9,2;Carbamidomethyl (+57), Deamidated (+1), Carbamidomethyl (+57), Carbamidomethyl (+57), Carbamidomethyl (+57), Carbamidomethyl (+57);2107,9;3;1,9
Pasture_Replicate_01;LRPGAQCAEGLCCDQCR;99,7%;22,2;8,2;Carbamidomethyl (+57), Carbamidomethyl (+57), Carbamidomethyl (+57), Carbamidomethyl (+57), Carbamidomethyl (+57);2106,9;3;-2,1
Pasture_Replicate_01;LRPGAQCAEGLCCDQCR;99,7%;25,1;7,0;Carbamidomethyl (+57), Carbamidomethyl (+57), Carbamidomethyl (+57), Carbamidomethyl (+57);2049,9;3;-0,5
Pasture_Replicate_01;LRPGAQCAEGLCCDQCR;99,7%;25,5;7,8;Carbamidomethyl (+57), Carbamidomethyl (+57), Carbamidomethyl (+57), Carbamidomethyl (+57), Deamidated (+1), Carbamidomethyl (+57);2107,9;3;4,9
Pasture_Replicate_01;LSVGVVR;98,8%;43,3;0,8;;728,5;2;-0,4
Pasture_Replicate_01;NPCCDAATCK;99,7%;29,6;3,9;Carbamidomethyl (+57), Carbamidomethyl (+57), Carbamidomethyl (+57);1195,4;2;-1,5
Pasture_Replicate_01;SETHYSPDGR;99,7%;N.A.;2,7;;1147,5;3;-0,5
Pasture_Replicate_01;SVNVTASLANLEVWSK;99,7%;20,8;2,2;Deamidated (+1);1717,9;2;5,4
Pasture_Replicate_01;TLTSFGEWR;99,7%;28,5;2,5;;1095,5;2;-1,9
Pasture_Replicate_01;WVHEMLNTVNGFFR;99,7%;12,2;2,4;;1748,9;3;0,4
Pasture_Replicate_01;WVHEMLNTVNGFFR;99,7%;22,2;2,9;Deamidated (+1);1749,8;3;-1,7
Pasture_Replicate_01;WVHEMLNTVNGFFR;99,7%;34,9;3,6;Dethiomethyl (-48), Deamidated (+1);1701,8;3;-0,5
Pasture_Replicate_01;YIELVVVADHGMFK;99,7%;21,0;2,2;Dethiomethyl (-48);1571,8;3;-5,6
Pasture_Replicate_01;YIELVVVADHGMFK;99,7%;25,8;2,9;;1619,8;3;0,9
Pasture_Replicate_01;YIELVVVADHGMFK;99,7%;28,1;3,7;Carbamidomethyl (+57), Dethiomethyl (-48);1628,9;3;0,0
Pasture_Replicate_01;YIELVVVADHGMFK;99,7%;50,2;4,6;Carbamidomethyl (+57);1676,9;2;2,9
Pasture_Replicate_01;YNSNLNTIR;99,7%;40,5;1,4;Deamidated (+1);1094,5;2;0,3
Pasture_Replicate_01;YNSNLNTIR;99,7%;41,8;1,9;;1093,6;2;-1,4
Pasture_Replicate_01;YNSNLNTIR;99,7%;50,5;1,6;Carbamidomethyl (+57);1150,6;2;0,8
Pasture_Replicate_02;CTGQSADCPR;99,7%;24,9;2,9;Carbamidomethyl (+57), Carbamidomethyl (+57);1150,5;2;-0,0
Pasture_Replicate_02;CTGQSADCPR;99,7%;31,6;3,3;Carbamidomethyl (+57), Deamidated (+1), Carbamidomethyl (+57);1151,4;2;0,1
Pasture_Replicate_02;ISHDHAQLLTTIVFDNYVIGITK;99,7%;23,0;2,6;;2597,4;2;8,7
Pasture_Replicate_02;ISHDHAQLLTTIVFDNYVIGITK;99,7%;34,6;2,4;Carbamidomethyl (+57);2654,4;4;2,6
Pasture_Replicate_02;KWVHEMLNTVNGFFR;99,7%;56,9;1,2;Deamidated (+1);1877,9;3;-1,3
Pasture_Replicate_02;KWVHEMLNTVNGFFR;99,7%;35,2;3,1;;1876,9;3;0,0
Pasture_Replicate_02;KYNSNLNTIR;99,7%;41,5;0,0;Carbamidomethyl (+57);1278,7;2;1,5
Pasture_Replicate_02;KYNSNLNTIR;99,7%;27,0;2,8;Deamidated (+1);1222,6;2;0,2
Pasture_Replicate_02;LANLEVWSK;99,7%;N.A.;3,5;;1058,6;2;2,8
Pasture_Replicate_02;LRPGAQCAEGLCCDQCR;99,7%;17,2;3,0;Carbamidomethyl (+57), Carbamidomethyl (+57), Carbamidomethyl (+57), Carbamidomethyl (+57), Carbamidomethyl (+57);2106,9;2;4,0
Pasture_Replicate_02;LRPGAQCAEGLCCDQCR;99,7%;21,7;6,0;Carbamidomethyl (+57), Carbamidomethyl (+57), Carbamidomethyl (+57), Carbamidomethyl (+57);2049,9;3;-4,4
Pasture_Replicate_02;LRPGAQCAEGLCCDQCR;99,7%;21,9;6,2;Carbamidomethyl (+57), Deamidated (+1), Carbamidomethyl (+57), Carbamidomethyl (+57), Carbamidomethyl (+57), Carbamidomethyl (+57);2107,9;3;8,8
Pasture_Replicate_02;LRPGAQCAEGLCCDQCR;99,7%;55,7;8,3;Deamidated (+1), Carbamidomethyl (+57), Carbamidomethyl (+57), Carbamidomethyl (+57), Carbamidomethyl (+57);2050,9;3;6,8
Pasture_Replicate_02;LSVGVVR;98,8%;40,0;1,0;;728,5;2;1,9
Pasture_Replicate_02;NPCCDAATCK;99,7%;17,3;3,0;Carbamidomethyl (+57), Carbamidomethyl (+57), Carbamidomethyl (+57);1195,4;2;-1,3
Pasture_Replicate_02;SETHYSPDGR;99,7%;N.A.;3,0;;1147,5;3;2,0
Pasture_Replicate_02;SLANLEVWSK;99,7%;N.A.;4,6;;1145,6;2;1,4
Pasture_Replicate_02;SVNVTASLANLEVWSK;99,7%;27,8;4,1;Deamidated (+1);1717,9;2;6,3
Pasture_Replicate_02;TLTSFGEWR;99,7%;9,9;2,7;;1095,5;2;-0,6
Pasture_Replicate_02;WVHEMLNTVNGFFR;99,7%;22,8;3,8;;1748,9;3;2,5
Pasture_Replicate_02;WVHEMLNTVNGFFR;99,7%;27,2;3,4;Dethiomethyl (-48), Deamidated (+1);1701,8;3;-6,0
Pasture_Replicate_02;WVHEMLNTVNGFFR;99,7%;36,2;4,2;Deamidated (+1);1749,8;3;5,9
Pasture_Replicate_02;YIELVVVADHGMFK;99,7%;20,5;2,6;Dethiomethyl (-48);1571,8;3;0,6
Pasture_Replicate_02;YIELVVVADHGMFK;99,7%;26,8;3,0;Carbamidomethyl (+57), Dethiomethyl (-48);1628,9;3;4,0
Pasture_Replicate_02;YIELVVVADHGMFK;99,7%;28,6;2,2;;1619,8;3;0,7
Pasture_Replicate_02;YIELVVVADHGMFK;99,7%;37,3;3,2;Carbamidomethyl (+57);1676,9;3;2,4
Pasture_Replicate_02;YNSNLNTIR;99,7%;53,4;1,3;Deamidated (+1);1094,5;2;1,1
Pasture_Replicate_02;YNSNLNTIR;99,7%;24,5;2,4;Carbamidomethyl (+57);1150,6;2;3,3
Pasture_Replicate_02;YNSNLNTIR;99,7%;35,7;2,1;Deamidated (+1), Deamidated (+1);1095,5;2;4,8
Pasture_Replicate_02;YNSNLNTIR;99,7%;39,7;2,4;;1093,6;2;1,9
Pasture_Replicate_02;YNSNLNTIR;99,7%;42,7;2,8;Carbamidomethyl (+57), Deamidated (+1);1151,6;2;4,3
Pasture_Replicate_02;YNSNLNTIRK;99,7%;17,8;3,3;;1221,7;2;-0,4
;;;;;;;;
;;;;;;;;
;;;;;;;;
;;;;;;;;
;;;;;;;;
;;;;;;;;
;;;;;;;;
;;;;;;;;
;;;;;;;;
;;;;;;;;
;;;;;;;;
;;;;;;;;
;;;;;;;;
;;;;;;;;
;;;;;;;;
;;;;;;;;
;;;;;;;;
;;;;;;;;
;;;;;;;;
;;;;;;;;
;;;;;;;;
;;;;;;;;
;;;;;;;;
;;;;;;;;
;;;;;;;;
;;;;;;;;
;;;;;;;;
;;;;;;;;
;;;;;;;;
;;;;;;;;
;;;;;;;;
;;;;;;;;
;;;;;;;;
;;;;;;;;
;;;;;;;;
;;;;;;;;
;;;;;;;;
;;;;;;;;
;;;;;;;;
;;;;;;;;
;;;;;;;;
;;;;;;;;
;;;;;;;;
;;;;;;;;
;;;;;;;;
;;;;;;;;
;;;;;;;;
;;;;;;;;
;;;;;;;;
;;;;;;;;
;;;;;;;;
;;;;;;;;
;;;;;;;;
;;;;;;;;
;;;;;;;;
;;;;;;;;
;;;;;;;;
;;;;;;;;
;;;;;;;;
;;;;;;;;
;;;;;;;;
;;;;;;;;
;;;;;;;;
;;;;;;;;
;;;;;;;;
;;;;;;;;
;;;;;;;;
;;;;;;;;
;;;;;;;;
;;;;;;;;
;;;;;;;;
;;;;;;;;
;;;;;;;;
;;;;;;;;
;;;;;;;;
;;;;;;;;
;;;;;;;;
;;;;;;;;
;;;;;;;;
;;;;;;;;
;;;;;;;;
;;;;;;;;
;;;;;;;;
;;;;;;;;
;;;;;;;;
;;;;;;;;
;;;;;;;;
;;;;;;;;
;;;;;;;;
;;;;;;;;
;;;;;;;;
;;;;;;;;
;;;;;;;;
;;;;;;;;
;;;;;;;;
;;;;;;;;
;;;;;;;;
;;;;;;;;
;;;;;;;;
;;;;;;;;
;;;;;;;;
;;;;;;;;
;;;;;;;;
;;;;;;;;
;;;;;;;;
;;;;;;;;
;;;;;;;;
;;;;;;;;
;;;;;;;;
;;;;;;;;
;;;;;;;;
;;;;;;;;
;;;;;;;;
;;;;;;;;
;;;;;;;;
;;;;;;;;
;;;;;;;;
;;;;;;;;
;;;;;;;;
;;;;;;;;
;;;;;;;;
;;;;;;;;
;;;;;;;;
;;;;;;;;
;;;;;;;;
;;;;;;;;
;;;;;;;;
;;;;;;;;
;;;;;;;;
;;;;;;;;
;;;;;;;;
;;;;;;;;
;;;;;;;;
;;;;;;;;
;;;;;;;;
;;;;;;;;
;;;;;;;;
;;;;;;;;
;;;;;;;;
;;;;;;;;
;;;;;;;;
;;;;;;;;
;;;;;;;;
;;;;;;;;
;;;;;;;;
;;;;;;;;
;;;;;;;;
;;;;;;;;
;;;;;;;;
;;;;;;;;
;;;;;;;;
;;;;;;;;
;;;;;;;;
;;;;;;;;
;;;;;;;;
;;;;;;;;
;;;;;;;;
;;;;;;;;
;;;;;;;;
;;;;;;;;
;;;;;;;;
;;;;;;;;
;;;;;;;;
;;;;;;;;
;;;;;;;;
;;;;;;;;
;;;;;;;;
;;;;;;;;
;;;;;;;;
;;;;;;;;
;;;;;;;;
;;;;;;;;
;;;;;;;;
;;;;;;;;
;;;;;;;;
;;;;;;;;
;;;;;;;;
;;;;;;;;
;;;;;;;;
;;;;;;;;
;;;;;;;;
;;;;;;;;
;;;;;;;;
;;;;;;;;
;;;;;;;;
;;;;;;;;
;;;;;;;;
;;;;;;;;
;;;;;;;;
;;;;;;;;
;;;;;;;;
;;;;;;;;
;;;;;;;;
;;;;;;;;
;;;;;;;;
;;;;;;;;
;;;;;;;;
;;;;;;;;
;;;;;;;;
;;;;;;;;
;;;;;;;;
;;;;;;;;
;;;;;;;;
;;;;;;;;
;;;;;;;;
;;;;;;;;
;;;;;;;;
;;;;;;;;
;;;;;;;;
;;;;;;;;
;;;;;;;;
;;;;;;;;
;;;;;;;;
;;;;;;;;
;;;;;;;;
;;;;;;;;
;;;;;;;;
;;;;;;;;
;;;;;;;;
;;;;;;;;
;;;;;;;;
;;;;;;;;
;;;;;;;;
;;;;;;;;
;;;;;;;;
;;;;;;;;
;;;;;;;;
;;;;;;;;
;;;;;;;;
;;;;;;;;
;;;;;;;;
;;;;;;;;
;;;;;;;;
;;;;;;;;
;;;;;;;;
;;;;;;;;
;;;;;;;;
;;;;;;;;
;;;;;;;;
;;;;;;;;
;;;;;;;;
;;;;;;;;
;;;;;;;;
;;;;;;;;
;;;;;;;;
;;;;;;;;
;;;;;;;;
;;;;;;;;
;;;;;;;;
;;;;;;;;
;;;;;;;;
;;;;;;;;
;;;;;;;;
;;;;;;;;
;;;;;;;;
;;;;;;;;
;;;;;;;;
;;;;;;;;
;;;;;;;;
;;;;;;;;
;;;;;;;;
;;;;;;;;
;;;;;;;;
;;;;;;;;
;;;;;;;;
;;;;;;;;
;;;;;;;;
;;;;;;;;
;;;;;;;;
;;;;;;;;
;;;;;;;;
;;;;;;;;
;;;;;;;;
;;;;;;;;
;;;;;;;;
;;;;;;;;
;;;;;;;;
;;;;;;;;
;;;;;;;;
;;;;;;;;
;;;;;;;;
;;;;;;;;
;;;;;;;;
;;;;;;;;
;;;;;;;;
;;;;;;;;
;;;;;;;;
;;;;;;;;
;;;;;;;;
;;;;;;;;
;;;;;;;;
;;;;;;;;
;;;;;;;;
;;;;;;;;
;;;;;;;;
;;;;;;;;
;;;;;;;;
;;;;;;;;
;;;;;;;;
;;;;;;;;
;;;;;;;;
;;;;;;;;
;;;;;;;;
;;;;;;;;
;;;;;;;;
;;;;;;;;
;;;;;;;;
;;;;;;;;
;;;;;;;;
;;;;;;;;
;;;;;;;;
;;;;;;;;
;;;;;;;;
;;;;;;;;
;;;;;;;;
;;;;;;;;
;;;;;;;;
;;;;;;;;
;;;;;;;;
;;;;;;;;
;;;;;;;;
;;;;;;;;
;;;;;;;;
;;;;;;;;
;;;;;;;;
;;;;;;;;
;;;;;;;;
;;;;;;;;
;;;;;;;;
;;;;;;;;
;;;;;;;;
;;;;;;;;
;;;;;;;;
;;;;;;;;
;;;;;;;;
;;;;;;;;
;;;;;;;;
;;;;;;;;
;;;;;;;;
;;;;;;;;
;;;;;;;;
;;;;;;;;
;;;;;;;;
;;;;;;;;
;;;;;;;;
;;;;;;;;
;;;;;;;;
;;;;;;;;
;;;;;;;;
;;;;;;;;
;;;;;;;;
;;;;;;;;
;;;;;;;;
;;;;;;;;
;;;;;;;;
;;;;;;;;
;;;;;;;;
;;;;;;;;
;;;;;;;;
;;;;;;;;
;;;;;;;;
;;;;;;;;
;;;;;;;;
;;;;;;;;
;;;;;;;;
;;;;;;;;
;;;;;;;;
;;;;;;;;
;;;;;;;;
;;;;;;;;
;;;;;;;;
;;;;;;;;
;;;;;;;;
;;;;;;;;
;;;;;;;;
;;;;;;;;
;;;;;;;;
;;;;;;;;
;;;;;;;;
;;;;;;;;
;;;;;;;;
;;;;;;;;
;;;;;;;;
;;;;;;;;
;;;;;;;;
;;;;;;;;
;;;;;;;;
;;;;;;;;
;;;;;;;;
;;;;;;;;
;;;;;;;;
;;;;;;;;
;;;;;;;;
;;;;;;;;
;;;;;;;;
;;;;;;;;
;;;;;;;;
;;;;;;;;
;;;;;;;;
;;;;;;;;
;;;;;;;;
;;;;;;;;
;;;;;;;;
;;;;;;;;
;;;;;;;;
;;;;;;;;
;;;;;;;;
;;;;;;;;
;;;;;;;;
;;;;;;;;
;;;;;;;;
;;;;;;;;
;;;;;;;;
;;;;;;;;
;;;;;;;;
;;;;;;;;
;;;;;;;;
;;;;;;;;
;;;;;;;;
;;;;;;;;
;;;;;;;;
;;;;;;;;
;;;;;;;;
;;;;;;;;
;;;;;;;;
;;;;;;;;
;;;;;;;;
;;;;;;;;
;;;;;;;;
;;;;;;;;
;;;;;;;;
;;;;;;;;
;;;;;;;;
;;;;;;;;
;;;;;;;;
;;;;;;;;
;;;;;;;;
;;;;;;;;
;;;;;;;;
;;;;;;;;
;;;;;;;;
;;;;;;;;
;;;;;;;;
;;;;;;;;
;;;;;;;;
;;;;;;;;
;;;;;;;;
;;;;;;;;
;;;;;;;;
;;;;;;;;
;;;;;;;;
;;;;;;;;
;;;;;;;;
;;;;;;;;
;;;;;;;;
;;;;;;;;
;;;;;;;;
;;;;;;;;
;;;;;;;;
;;;;;;;;
;;;;;;;;
;;;;;;;;
;;;;;;;;
;;;;;;;;
;;;;;;;;
;;;;;;;;
;;;;;;;;
;;;;;;;;
;;;;;;;;
;;;;;;;;
;;;;;;;;
;;;;;;;;
;;;;;;;;
;;;;;;;;
;;;;;;;;
;;;;;;;;
;;;;;;;;
;;;;;;;;
;;;;;;;;
;;;;;;;;
;;;;;;;;
;;;;;;;;
;;;;;;;;
;;;;;;;;
;;;;;;;;
;;;;;;;;
;;;;;;;;
;;;;;;;;
;;;;;;;;
;;;;;;;;
;;;;;;;;
;;;;;;;;
;;;;;;;;
;;;;;;;;
;;;;;;;;
;;;;;;;;
;;;;;;;;
;;;;;;;;
;;;;;;;;
;;;;;;;;
;;;;;;;;
;;;;;;;;
;;;;;;;;
;;;;;;;;
;;;;;;;;
;;;;;;;;
;;;;;;;;
;;;;;;;;
;;;;;;;;
;;;;;;;;
;;;;;;;;
;;;;;;;;
;;;;;;;;
;;;;;;;;
;;;;;;;;
;;;;;;;;
;;;;;;;;
;;;;;;;;
;;;;;;;;
;;;;;;;;
;;;;;;;;
;;;;;;;;
;;;;;;;;
;;;;;;;;
;;;;;;;;
;;;;;;;;
;;;;;;;;
;;;;;;;;
;;;;;;;;
;;;;;;;;
;;;;;;;;
;;;;;;;;
;;;;;;;;
;;;;;;;;
;;;;;;;;
;;;;;;;;
;;;;;;;;
;;;;;;;;
;;;;;;;;
;;;;;;;;
;;;;;;;;
;;;;;;;;
;;;;;;;;
;;;;;;;;
;;;;;;;;
;;;;;;;;
;;;;;;;;
;;;;;;;;
;;;;;;;;
;;;;;;;;
;;;;;;;;
;;;;;;;;
;;;;;;;;
;;;;;;;;
;;;;;;;;
;;;;;;;;
;;;;;;;;
;;;;;;;;
;;;;;;;;
;;;;;;;;
;;;;;;;;
;;;;;;;;
;;;;;;;;
;;;;;;;;
;;;;;;;;
;;;;;;;;
;;;;;;;;
;;;;;;;;
;;;;;;;;
;;;;;;;;
;;;;;;;;
;;;;;;;;
;;;;;;;;
;;;;;;;;
;;;;;;;;
;;;;;;;;
;;;;;;;;
;;;;;;;;
;;;;;;;;
;;;;;;;;
;;;;;;;;
;;;;;;;;
;;;;;;;;
;;;;;;;;
;;;;;;;;
;;;;;;;;
;;;;;;;;
;;;;;;;;
;;;;;;;;
;;;;;;;;
;;;;;;;;
;;;;;;;;
;;;;;;;;
;;;;;;;;
;;;;;;;;
;;;;;;;;
;;;;;;;;
;;;;;;;;
;;;;;;;;
;;;;;;;;
;;;;;;;;
;;;;;;;;
;;;;;;;;
;;;;;;;;
;;;;;;;;
;;;;;;;;
;;;;;;;;
;;;;;;;;
;;;;;;;;
;;;;;;;;
;;;;;;;;
;;;;;;;;
;;;;;;;;
;;;;;;;;
;;;;;;;;
;;;;;;;;
;;;;;;;;
;;;;;;;;
;;;;;;;;
;;;;;;;;
;;;;;;;;
;;;;;;;;
;;;;;;;;
;;;;;;;;
;;;;;;;;
;;;;;;;;
;;;;;;;;
;;;;;;;;
;;;;;;;;
;;;;;;;;
;;;;;;;;
;;;;;;;;
;;;;;;;;
;;;;;;;;
;;;;;;;;
;;;;;;;;
;;;;;;;;
;;;;;;;;
;;;;;;;;
;;;;;;;;
;;;;;;;;
;;;;;;;;
;;;;;;;;
;;;;;;;;
;;;;;;;;
;;;;;;;;
;;;;;;;;
;;;;;;;;
;;;;;;;;
;;;;;;;;
;;;;;;;;
;;;;;;;;
;;;;;;;;
;;;;;;;;
;;;;;;;;
;;;;;;;;
;;;;;;;;
;;;;;;;;
;;;;;;;;
;;;;;;;;
;;;;;;;;
;;;;;;;;
;;;;;;;;
;;;;;;;;
;;;;;;;;
;;;;;;;;
;;;;;;;;
;;;;;;;;
;;;;;;;;
;;;;;;;;
;;;;;;;;
;;;;;;;;
;;;;;;;;
;;;;;;;;
;;;;;;;;
;;;;;;;;
;;;;;;;;
;;;;;;;;
;;;;;;;;
;;;;;;;;
;;;;;;;;
;;;;;;;;
;;;;;;;;
;;;;;;;;
;;;;;;;;
;;;;;;;;
;;;;;;;;
;;;;;;;;
;;;;;;;;
;;;;;;;;
;;;;;;;;
;;;;;;;;
;;;;;;;;
;;;;;;;;
;;;;;;;;
;;;;;;;;
;;;;;;;;
;;;;;;;;
;;;;;;;;
;;;;;;;;
;;;;;;;;
;;;;;;;;
;;;;;;;;
;;;;;;;;
;;;;;;;;
;;;;;;;;
;;;;;;;;
;;;;;;;;
;;;;;;;;
;;;;;;;;
;;;;;;;;
;;;;;;;;
;;;;;;;;
;;;;;;;;
;;;;;;;;
;;;;;;;;
;;;;;;;;
;;;;;;;;
;;;;;;;;
;;;;;;;;
;;;;;;;;
;;;;;;;;
;;;;;;;;
;;;;;;;;
;;;;;;;;
;;;;;;;;
;;;;;;;;
;;;;;;;;
;;;;;;;;
;;;;;;;;
;;;;;;;;
;;;;;;;;
;;;;;;;;
;;;;;;;;
;;;;;;;;
;;;;;;;;
;;;;;;;;
;;;;;;;;
;;;;;;;;
;;;;;;;;
;;;;;;;;
;;;;;;;;
;;;;;;;;
;;;;;;;;
;;;;;;;;
;;;;;;;;
;;;;;;;;
;;;;;;;;
;;;;;;;;
;;;;;;;;
;;;;;;;;
;;;;;;;;
;;;;;;;;
;;;;;;;;
;;;;;;;;
;;;;;;;;
;;;;;;;;
;;;;;;;;
;;;;;;;;
;;;;;;;;
;;;;;;;;
;;;;;;;;
;;;;;;;;
;;;;;;;;
;;;;;;;;
;;;;;;;;
;;;;;;;;
;;;;;;;;
;;;;;;;;
;;;;;;;;
;;;;;;;;
;;;;;;;;
;;;;;;;;
;;;;;;;;
;;;;;;;;
;;;;;;;;
;;;;;;;;
;;;;;;;;
;;;;;;;;
;;;;;;;;
;;;;;;;;
;;;;;;;;
;;;;;;;;
;;;;;;;;
;;;;;;;;
;;;;;;;;
;;;;;;;;
;;;;;;;;
;;;;;;;;
;;;;;;;;
;;;;;;;;
;;;;;;;;
;;;;;;;;
;;;;;;;;
;;;;;;;;
;;;;;;;;
;;;;;;;;
;;;;;;;;
;;;;;;;;
;;;;;;;;
;;;;;;;;
;;;;;;;;
;;;;;;;;
;;;;;;;;
;;;;;;;;
;;;;;;;;
;;;;;;;;
;;;;;;;;
;;;;;;;;
;;;;;;;;
;;;;;;;;
;;;;;;;;
;;;;;;;;
;;;;;;;;
;;;;;;;;
;;;;;;;;
;;;;;;;;
;;;;;;;;
;;;;;;;;
;;;;;;;;
;;;;;;;;
;;;;;;;;
;;;;;;;;
;;;;;;;;
;;;;;;;;
;;;;;;;;
;;;;;;;;
;;;;;;;;
;;;;;;;;
;;;;;;;;
;;;;;;;;
;;;;;;;;
;;;;;;;;
;;;;;;;;
;;;;;;;;
;;;;;;;;