Venom;Protein name;Accession number;Toxin class;m/z;z;Mascot score;Peptides**;Peptide Identification Probability;Putative N-glycosylation site***;Putative O-glycosylation site***
B. cotiara;Basic phospholipase A2 bothropstoxin-2 OS=Bothrops jararacussu PE=1 SV=1;PA2B2_BOTJR;PL;753,3;2;52,5;ccFVHDccYGK;0,997;No;No
;;;;832,3;2;81,7;ENGVIIcGEGTPcEK;0,997;;
;;;;864,74;2;52,1;QIcEcDKAAAVcFR;0,995;;
;Basic phospholipase A2 homolog BnSP-7 OS=Bothrops pauloensis PE=1 SV=2;PA2H_BOTPA;PL;824,77;2;57,2;DKTIVcGENNPcLK;0,997;No;No
;;;;868,81;2;50,7;ELcEcDKAVAIcLR;0,995;;
;;;;665,05;2;96,8;mILQETGKNPAK;0,997;;
;;;;767,79;2;80,1;SYGAYGcNcGVLGR;0,997;;
;;;;703,32;2;68,1;TIVcGENNPcLK;0,997;;
;;;;821,82;3;66,8;YSYSWKDKTIVcGENNPcLK;0,995;;
;Basic phospholipase A2 homolog M1-3-3 OS=Bothrops asper PE=2 SV=1;PA2H3_BOTAS;PL;868,81;2;50,7;ELcEcDKAVAIcLR;0,995;No;No
;;;;949,55;3;46,1;MILQETGKNPVTSYGAYGcNcGVLGR;0,96;;
;BJAR454CTL06;BJAR454CTL06;CTL;1075,9;2;101;ELKTWDDAESFcQTQHR;0,997;No;No
;;;;758,3796;3;79,3;LASIHSSGEEAFVGQLASQTLK;0,997;;
;;;;626,8153;2;51,3;RPYcTVMVVK;0,997;;
;;;;418,9931;3;46,4;TDRIFWFNR;0,971;;
;;;;594,236;3;102;TWDDAESFcQTQHR;0,997;;
;;;;634,78;2;47,3;WSDDARLDYK;0,994;;
;BJAR454LAO2;BJAR454LAO2;LAAO;699,82;2;59,4;AGHQVTVLEASER;0,997;N190, N379;S165,S328,S502
;;;;743,838;2;56,3;ETDYEEFLEIAK;0,997;;
;;;;613,8043;2;56,8;EVTVTYQTSAK;0,997;;
;;;;382,58;3;48,5;IKFEPPLSSK;0,965;;
;;;;677,28;2;73;SAGQLYEESLQK;0,997;;
;BJAR454SVMPPIII04;BJAR454SVMPPIII04;SVMP;622,28;2;43,8;KQNGVTIPcAR;0,98;N259, N265;T40, T172, T176, S183,T398, S402,T475, S478, T483
;;;;815,35;2;44;IYScVNTLNLIYR;0,979;;
;;;;887,7;2;52,4;VcNSNREcVDVSTAY;0,995;;
;BJAR454SVMPPIII11;BJAR454SVMPPIII11;SVMP;992,12;2;112;HDNAQLLTAIDLDGTTVGK;0,997;N219, N264;T40, S176, S184, S403, S467, S474, T476, S479, T484
;;;;877,17;2;42,1;KYIELVMVADNVMVK;0,949;;
;;;;568,8306;2;46;KYTGNLTAIR;0,997;;
;;;;887,7;2;52,4;VcNSNREcVDVSTAY;0,995;;
;;;;656,3482;3;49,8;YLIDNRPPcILNIPLR;0,986;;
;;;;505,24;2;43,7;YTGNLTAIR;0,98;;
;BJAR454SVSP01;BJAR454SVSP01;SVSP;640,3041;2;35,9;AAYPELPAEYR;0,975;N44;No
;;;;759,82;2;82,4;NDDALDKDLMLVR;0,997;;
;Cysteine-rich seceretory protein Ch-CRPKa (Fragment) OS=Crotalus horridus PE=2 SV=1;F2Q6E5_CROHD, F2Q6E6_CROHD, F2Q6E7_CROHD, F2Q6E8_CROHD, F2Q6E9_CROHD, F2Q6G0_DEIAC, F2Q6G1_DEIAC;OT;569,762;2;66,5;SVDFDSESPR;0,997;N30;S28, T159, T162, S163, S172, T180, T190, S194
;;;;769,87;2;73,7;MEWYPEAAANAER;0,997;;
;Glutaminyl-peptide cyclotransferase OS=Bothrops jararaca GN=QPCT PE=2 SV=1;QPCT_BOTJA;OT;772,16;2;59,1;GVPILHLIPSPFPR;0,997;N53, N65, N292, N352;S46, T50, S224, S231, T232
;;;;722,33;2;68,7;LIFFDGEEAFVR;0,997;;
;;;;832,88;2;76,9;MWQNDLHPILIER;0,997;;
;;;;861,4582;2;107;NLNDLGLLNNYSSER;0,997;;
;;;;769,81;2;55,4;NPVFPVYFLNTAR;0,997;;
;;;;759,9228;2;49,9;TFSNIISTLNPLAK;0,997;;
;;;;877,01;3;64,4;VWHTMEDNEENLDKPTIDNLSK;0,996;;
;;;;627,7775;2;52,8;WSPSDSLYGSR;0,954;;
;;;;577,26;2;43;YPGSPGSYAVR;0,983;;
;L-amino-acid oxidase (Fragment) OS=Bothrops moojeni PE=1 SV=1;OXLA_BOTMO;LAAO;743,838;2;56,3;ETDYEEFLEIAK;0,997;N178;T36, S153
;;;;630,86;2;45,6;FWEDDGIHGGK;0,971;;
;;;;677,28;2;73;SAGQLYEESLQK;0,997;;
;;;;781,25;3;61,4;VGEVNKDPGVLEYPVKPSEVGK;0,989;;
;Platelet-aggregating proteinase PA-BJ (Fragment) OS=Bothrops jararaca PE=1 SV=2;VSP1_BOTJA;SVSP;659;2;41,8;ETYPDVPHcAK;0,997;N25;No
;;;;723,36;2;57,9;DDVLDKDIMLIR;0,959;;
B. erythromelas;Basic phospholipase A2 homolog BnSP-7 OS=Bothrops pauloensis PE=1 SV=2;PA2H_BOTPA;PL;673,27;2;48,9;mILQETGKNPAK;0,987;No;No
;;;;767,23;2;55,9;SYGAYGcNcGVLGR;0,996;;
;BJAR454CTL06;BJAR454CTL06;CTL;594,25;2;46,7;TVSFVcKFQA;0,997;No;No
;;;;890,82;2;118;TWDDAESFcQTQHR;0,982;;
;;;;1137;2;75,6;LASIHSSGEEAFVGQLASQTLK;0,997;;
;Glutaminyl-peptide cyclotransferase OS=Bothrops jararaca GN=QPCT PE=2 SV=1;QPCT_BOTJA;OT;841,8;2;42,9;MWQNDLHPILIER;0,962;N53, N65, N292, N352;S46, T50, S224, S231, T232
;;;;861,26;2;92,6;NLNDLGLLNNYSSER;0,997;;
;;;;769,38;2;64,8;NPVFPVYFLNTAR;0,997;;
;;;;588,28;2;45,5;SLDRPLSFLK;0,98;;
;;;;759,84;2;50,5;TFSNIISTLNPLAK;0,992;;
;;;;837,88;2;60,2;TFSNIISTLNPLAKR;0,997;;
;;;;627,7755;2;36;WSPSDSLYGSR;0,96;;
;;;;577,88;2;43;YPGSPGSYAVR;0,955;;
;Platelet-aggregating proteinase PA-BJ (Fragment) OS=Bothrops jararaca PE=1 SV=2;VSP1_BOTJA;SVSP;506,89;2;45,7;MKLGVHSIK;0,997;N25;No
;;;;723,33;2;76,6;DDVLDKDIMLIR;0,967;;
B. insularis;Acidic phospholipase A2 BITP01A OS=Bothrops insularis PE=1 SV=1;PA2A_BOTIN;PL;688,56;3;40,4;DATDRccFVHDccYGK;0,948;No;No
;;;;1005,61;2;83,4;DNKDTYDMKYWLYGAK;0,997;;
;;;;775,27;2;95,1;MMNYVMGQSVVYK;0,997;;
;;;;595,9202;3;64,1;QIcEcDRVAATcFR;0,997;;
;;;;1234,18;2;54,5;TDSYTYSKENGDVVcGGDDPcK;0,997;;
;;;;866,17;3;73,1;TDSYTYSKENGDVVcGGDDPcKK;0,997;;
;;;;1052,35;2;86;YFYYGcYcGWGGIGQPR;0,997;;
;;;;1017,34;2;52,2;YWLYGAKNcQEESEPc;0,997;;
;Acidic phospholipase A2 BmooPLA2 OS=Bothrops moojeni PE=1 SV=1;PA2A_BOTMO;PL;595,9202;3;64,1;QIcEcDRVAATcFR;0,997;No;No
;;;;823,46;3;59;TDSYTYSEENGDVVcGGDDPcK;0,997;;
;;;;866,01;3;76,4;TDSYTYSEENGDVVcGGDDPcKK;0,997;;
;Basic phospholipase A2 homolog 2 OS=Bothrops moojeni PE=1 SV=2;PA2H2_BOTMO;PL;869,29;2;70,2;ELcEcDKAVAIcLR;0,997;No;No
;;;;697,7996;2;73,4;TIVcGENNScLK;0,997;;
;;;;1038,59;3;49,5;TIVcGENNScLKELcEcDKAVAIcLR;0,996;;
;Basic phospholipase A2 homolog BnSP-7 OS=Bothrops pauloensis PE=1 SV=2;PA2H_BOTPA;PL;869,29;2;70,2;ELcEcDKAVAIcLR;0,997;No;No
;;;;953,96;3;45,6;mILQETGKNPAKSYGAYGcNcGVLGR;0,986;;
;;;;767,26;2;71,7;SYGAYGcNcGVLGR;0,997;;
;;;;703,3;2;47,1;TIVcGENNPcLK;0,989;;
;;;;365,0021;3;33;YHLKPFcK;0,958;;
;BJAR454CRISP1;BJAR454CRISP1;OT;581,83;2;47,5;SVNPTASNMLK;0,981;N49;S47, T176, T178, S182, S191, T199, T203, T213
;;;;928,24;2;105;SYLAGcAAAYcPSSSYK;0,997;;
;BJAR454CTL06;BJAR454CTL06;CTL;805,39;2;76,6;FTSMWLGLKDPWK;0,997;No;No
;;;;1137,5;2;115;LASIHSSGEEAFVGQLASQTLK;0,995;;
;;;;890,79;2;105;TWDDAESFcQTQHR;0,997;;
;;;;842,59;3;69,5;VFKELKTWDDAESFcQTQHR;0,997;;
;BJAR454CTL07;BJAR454CTL07;CTL;1092,78;2;50,8;KWVNLYcEQQIPFVcEA;0,99;No;No
;;;;692,11;2;64,7;TcIGLEEDSGFR;0,997;;
;;;;504,98;3;52,6;TcIGLEEDSGFRK;0,997;;
;;;;1037,3;2;109;WSDGSSVSYENWSEAELK;0,997;;
;;;;1028,75;2;66,4;WVNLYcEQQIPFVcEA;0,997;;
;BJAR454CTL08;BJAR454CTL08;CTL;852,89;2;83,5;WSDYSSVSYENLVR;0,997;No;No
;;;;1168,4;2;73,6;FFQQKESWDDVSWYDAER;0,997;;
;;;;983,54;2;76,2;KWVNIDcVEGNPFVcK;0,997;;
;;;;919,89;2;73,7;WVNIDcVEGNPFVcK;0,997;;
;BJAR454CTL14;BJAR454CTL14,SLAA_BOTJA,SLA_BOTIN;CTL;821,24;2;98,3;WSDGSSVSYENVVGR;0,997;No;No
;;;;922,36;2;78,5;MNWADAERFcSEQAK;0,997;;
;BJAR454CTL18;BJAR454CTL18;CTL;766,22;2;78,4;SMAcTQLAYVVcK;0,997;No;No
;;;;767,79;2;53,2;VFTEPQNWADAEK;0,996;;
;BJAR454SVMPPI02;BJAR454SVMPPI02,VM1B_BOTIN;SVMP;1146,85;2;91,4;DmINVQPAAPQTLDSFGEWR;0,997;No;T40, S175, T392, T394, S396, T397, S400
;;;;1127,62;3;85,8;KSHDNAQLLTNTDFDGPTIGLAYVGTMcDPK;0,997;;
;;;;1084,16;3;57,7;SHDNAQLLTNTDFDGPTIGLAYVGTmcDPK;0,997;;
;BJAR454SVMPPIII13;BJAR454SVMPPIII13;SVMP;656,3436;3;43;YLIDNRPPcILNIPLR;0,992;N218;T172, S176, S183, S466, T475, S478, T483, T547
;;;;837,6;2;51,5;SESSDTLKFFGNWR;0,993;;
;;;;897,83;2;66;LIPGAQcEDGEccER;0,997;;
;BJAR454SVSP04;BJAR454SVSP04;SVSP;845,09;3;48,6;VSYPDVPHcANINLLDYEVcR;0,992;N83, N123;No
;;;;999,28;3;81,2;LKRPVNDSPHIAPISLPSNPPSVGSVcR;0,997;;
;BJAR454SVSP08;BJAR454SVSP08;SVSP;338,3488;3;65,8;MQLGVHSIK;0,997;N55, N262;S144
;;;;1175,35;2;84,1;AAYPWWPATSTTLcAGILQGGK;0,997;;
;;;;708,8143;2;69,7;EWVLTAAHcDSK;0,997;;
;;;;606,21;2;57,8;INILDHAVcR;0,997;;
;;;;424,9721;3;72,7;VSYPDVPHcAK;0,997;;
;;;;528,6176;3;45,1;KPcGHPDNPGIYTK;0,995;;
;;;;484,8758;2;35,8;KSALIAPLR;0,953;;
;;;;471,3213;3;69,7;LPSRPPSVGSVcR;0,997;;
;;;;565,28;2;80,2;VIGWGAITSPK;0,997;;
;BJAR454SVSP10;BJAR454SVSP10;SVSP;704,3362;3;85;AAYTWWPATSTTLcAGILK;0,997;N44, N250;No
;;;;1517,61;2;96,1;DTcEGDSGGPLIcNGLQGIVSGGGNPcGQR;0,997;;
;;;;1063,96;3;46,8;DTcEGDSGGPLIcNGLQGIVSGGGNPcGQRR;0,993;;
;;;;439,6281;3;60,2;ETYPDVPHcAK;0,997;;
;;;;1092,7;3;90,7;GGKDTcEGDSGGPLIcNGLQGIVSGGGNPcGQR;0,997;;
;;;;1144,73;3;118;GGKDTcEGDSGGPLIcNGLQGIVSGGGNPcGQRR;0,997;;
;;;;605,29;2;80;INILNHAVcR;0,997;;
;;;;611,6163;3;63,5;ISSTKETYPDVPHcAK;0,997;;
;;;;786,9;2;113;KNDVLDKDIMLIR;0,997;;
;;;;894,0068;4;105;LNRPVSNSEHIAPLSLPSSPPSVGSVcLVmGWGK;0,997;;
;;;;338,3488;3;65,8;MKLGVHSIK;0,997;;
;;;;722,25;2;108;NDVLDKDIMLIR;0,997;;
;C-type lectin BpLec OS=Bothrops pauloensis PE=1 SV=2;LECG_BOTPA;CTL;1241,38;1;49,9;DFSWEWTDR;0,997;No;No
;;;;1030;2;81,6;IFDELKAWKDAEMFcR;0,997;;
;;;;1224,83;2;63,8;LWNDQVcESKNAFLcQcKF;0,997;;
;;;;1005,81;2;79,5;NNcPQDWLPMNGLcYK;0,997;;
;Glutaminyl-peptide cyclotransferase OS=Bothrops jararaca GN=QPCT PE=2 SV=1;QPCT_BOTJA;OT;722,4;2;80,1;LIFFDGEEAFVR;0,997;N53, N65, N292, N352;S46, T50, S224, S231, T232
;;;;759,9213;2;47,9;TFSNIISTLNPLAK;0,997;;
;;;;769,09;2;48,9;NPVFPVYFLNTAR;0,987;;
;Platelet-aggregating proteinase PA-BJ (Fragment) OS=Bothrops jararaca PE=1 SV=2;VSP1_BOTJA;SVSP;338,3488;3;65,8;MKLGVHSIK;0,997;N25;No
;;;;723,3501;2;92,4;DDVLDKDIMLIR;0,997;;
;;;;439,6281;3;60,2;ETYPDVPHcAK;0,997;;
;;;;605,8122;2;61;INILDHAVcR;0,997;;
;;;;611,6163;3;63,5;ISSTKETYPDVPHcAK;0,997;;
;;;;787,39;2;103;KDDVLDKDImLIR;0,997;;
;Snaclec GPIB-binding protein subunit beta OS=Bothrops jararaca PE=1 SV=1;SL1B_BOTJA;CTL;914,89;2;63,1;DcPSDWSPYGGHcYK;0,997;No;No
;;;;854,86;2;72,6;MNWADAENLcAQQR;0,997;;
;;;;918,85;2;43;MNWADAENLcAQQRK;0,97;;
;;;;849,71;2;53;TTDNQWWSFPcTR;0,993;;
;Thrombin-like enzyme bothrombin OS=Bothrops jararaca PE=1 SV=1;VSPA_BOTJA;SVSP;753,82;2;81,3;SVANDDEVIRYPK;0,997;N225;No
;;;;882,44;2;60,9;SVANDDEVIRYPKEK;0,997;;
B. jararaca;Acidic phospholipase A2 BITP01A OS=Bothrops insularis PE=1 SV=1;PA2A_BOTIN;PL;755,4;3;42,9;ccFVHDccYGKVTGcDPK;0,975;No;No
;;;;783,23;2;84,2;MMNYVMGQSVVYK;0,997;;
;;;;893,84;2;47,6;QIcEcDRVAATcFR;0,99;;
;;;;1298,05;2;42,5;TDSYTYSKENGDVVcGGDDPcKK;0,974;;
;;;;1053,37;2;77;YFYYGcYcGWGGIGQPR;0,997;;
;Acidic phospholipase A2 BmooPLA2 OS=Bothrops moojeni PE=1 SV=1;PA2A_BOTMO;PL;823,85;3;65,1;TDSYTYSEENGDVVcGGDDPcK;0,997;No;No
;;;;866,2;3;85,8;TDSYTYSEENGDVVcGGDDPcKK;0,997;;
;;;;893,84;2;47,6;QIcEcDRVAATcFR;0,99;;
;Basic phospholipase A2 homolog 1 OS=Bothrops moojeni PE=1 SV=1;PA2H1_BOTMO;PL;665,95;2;88,3;mILQETGKNPAK;0,997;N70;No
;;;;953,96;3;53,1;mILQETGKNPAKSYGAYGcNcGVLGR;0,997;;
;;;;579,59;3;63;QLcEcDKAVAIcLR;0,997;;
;;;;767,82;2;103;SYGAYGcNcGVLGR;0,997;;
;Basic phospholipase A2 homolog 2 OS=Bothrops moojeni PE=1 SV=2;PA2H2_BOTMO;PL;868,79;2;90,6;ELcEcDKAVAIcLR;0,997;No;No
;;;;665,95;2;88,3;mILQETGKNPAK;0,997;;
;;;;702,29;3;51,5;SLFELGKMILQETGKNPAK;0,995;;
;;;;697,83;2;49,6;TIVcGENNScLK;0,992;;
;;;;1165,29;2;77;TIVcGENNScLKELcEcDK;0,997;;
;;;;616,83;2;53,9;YNYLKPFcK;0,995;;
;Basic phospholipase A2 homolog BnSP-7 OS=Bothrops pauloensis PE=1 SV=2;PA2H_BOTPA;PL;868,79;2;90,6;ELcEcDKAVAIcLR;0,997;No;No
;;;;665,95;2;88,3;mILQETGKNPAK;0,997;;
;;;;953,96;3;53,1;mILQETGKNPAKSYGAYGcNcGVLGR;0,997;;
;;;;767,82;2;103;SYGAYGcNcGVLGR;0,997;;
;;;;1170,47;2;48,4;TIVcGENNPcLKELcEcDK;0,993;;
;;;;1041,67;3;73,6;TIVcGENNPcLKELcEcDKAVAIcLR;0,997;;
;;;;1232,4;2;88,8;YSYSWKDKTIVcGENNPcLK;0,997;;
;Basic phospholipase A2 homolog M1-3-3 OS=Bothrops asper PE=2 SV=1;PA2H3_BOTAS;PL;868,79;2;90,6;ELcEcDKAVAIcLR;0,997;No;No
;;;;954,01;3;67,1;MILQETGKNPVTSYGAYGcNcGVLGR;0,997;;
;;;;697,83;2;49,6;TIVcGENNScLK;0,992;;
;;;;1165,29;2;77;TIVcGENNScLKELcEcDK;0,997;;
;BJAR454CRISP1;BJAR454CRISP1;OT;761,47;2;66,1;cGENIYMSPIPIK;0,997;N49;S47, T176, T178, S182, S191, T199, T203, T213
;;;;906,28;2;75,4;YFYVcQYcPAGNIR;0,997;;
;;;;928,22;2;117;SYLAGcAAAYcPSSSYK;0,997;;
;;;;958,4;2;85,6;QMQLEcPATcFcQNK;0,997;;
;;;;1148,41;2;94,6;EDEYTNcDSMVQSTGcQDR;0,997;;
;BJAR454CTL06;BJAR454CTL06;CTL;1137,51;2;115;LASIHSSGEEAFVGQLASQTLK;0,997;No;No
;;;;890,77;2;101;TWDDAESFcQTQHR;0,997;;
;BJAR454PLA22;BJAR454PLA22;PL;998,36;2;72,8;DNKDTYNDEYWLYGAK;0,997;No;No
;;;;1430,51;2;44,7;TDSYTYTYSEENGDVVcGGDDPcKK;0,987;;
;BJAR454PLA24;BJAR454PLA24;PL;821,67;2;43,7;FLNAENcQEASEAc;0,963;No;No
;;;;879,37;3;47,5;IDIYTYSKETGDIVcGGDDPcKK;0,989;;
;BJAR454SVMPPIII04;BJAR454SVMPPIII04;SVMP;724,32;2;51,9;LFcVQGPIGNTIK;0,995;N259, N265;T40, T172, T176, S183,T398, S402,T475, S478, T483
;;;;889,38;2;67,6;TSSQDNPDIGMVDLGTK;0,997;;
;;;;999,28;2;71,7;LTPGSQcADGLccDQcR;0,997;;
;BJAR454SVSP08;BJAR454SVSP08;SVSP;1175,42;2;72,3;AAYPWWPATSTTLcAGILQGGK;0,997;N55, N262;S144
;;;;716,37;2;71,5;DDVVDKDIMLIR;0,997;;
;;;;1339,04;2;84,1;DTcQGDSGGPLIcNGELQGIVSWGR;0,997;;
;;;;708,73;2;59,9;EWVLTAAHcDSK;0,997;;
;;;;;;65,3;INILDHAVcR;0,997;;
;;;;780,9;2;92,1;KDDVVDKDIMLIR;0,997;;
;;;;528,64;3;62,3;KPcGHPDNPGIYTK;0,997;;
;;;;471,69;3;50,4;LPSRPPSVGSVcR;0,992;;
;;;;468,27;3;45,8;NFKMQLGVHSIK;0,98;;
;;;;744,89;3;49,6;SALIAPLRLPSRPPSVGSVcR;0,993;;
;;;;564,79;2;71,8;VIGWGAITSPK;0,997;;
;;;;424,89;3;41,2;VSYPDVPHcAK;0,951;;
;BJAR454SVSP10;BJAR454SVSP10;SVSP;1056,9;2;105;AAYTWWPATSTTLcAGILK;0,997;N44, N250;No
;;;;1177,47;2;113;AAYTWWPATSTTLcAGILKGGK;0,997;;
;;;;1011,8;3;81,3;DTcEGDSGGPLIcNGLQGIVSGGGNPcGQR;0,997;;
;;;;658,26;2;46,5;ETYPDVPHcAK;0,986;;
;;;;1638,23;2;97,2;GGKDTcEGDSGGPLIcNGLQGIVSGGGNPcGQR;0,997;;
;;;;1144,53;3;136;GGKDTcEGDSGGPLIcNGLQGIVSGGGNPcGQRR;0,997;;
;;;;605,34;2;76;INILNHAVcR;0,997;;
;;;;786,94;2;95,1;KNDVLDKDIMLIR;0,997;;
;;;;1196,83;3;65,8;LNRPVSNSEHIAPLSLPSSPPSVGSVcLVmGWGK;0,997;;
;;;;722,85;2;77,5;NDVLDKDIMLIR;0,997;;
;C-type lectin BpLec OS=Bothrops pauloensis PE=1 SV=2;LECG_BOTPA;CTL;594,29;2;50,1;NAFLcQcKF;0,991;No;No
;;;;621,35;2;44,5;DFSWEWTDR;0,969;;
;;;;685,89;2;67,2;KDFSWEWTDR;0,997;;
;;;;800,98;3;46,4;ScTDYLSWDKNQPDHYKNK;0,987;;
;;;;1005,25;2;83,8;NNcPQDWLPMNGLcYK;0,997;;
;;;;1187,38;1;33,1;NAFLcQcKF;0,955;;
;Glutaminyl-peptide cyclotransferase OS=Bothrops jararaca GN=QPCT PE=2 SV=1;QPCT_BOTJA;OT;567,19;3;41,3;RGVPILHLIPSPFPR;0,967;N53, N65, N292, N352;S46, T50, S224, S231, T232
;;;;760,35;2;63,7;TFSNIISTLNPLAK;0,997;;
;;;;772,87;2;43,2;GVPILHLIPSPFPR;0,969;;
;;;;862,32;2;94,9;NLNDLGLLNNYSSER;0,997;;
;Myotoxic protein PLA2K49 OS=Bothrocophias andianus PE=2 SV=1;L7VGC1_BOTAN;PL;868,79;2;90,6;ELcEcDKAVAIcLR;0,997;No;No
;;;;665,95;2;88,3;mILQETGKNPAK;0,997;;
;;;;1038,75;3;60,9;TLVcGEDNScLKELcEcDKAVAIcLR;0,997;;
;Platelet-aggregating proteinase PA-BJ (Fragment) OS=Bothrops jararaca PE=1 SV=2;VSP1_BOTJA;SVSP;724,01;2;63,8;DDVLDKDIMLIR;0,997;N25;No
;;;;1565,95;2;47,5;DTcEGDSGGPLIcNGLQGIVSGGGNPcGQPR;0,989;;
;;;;658,26;2;46,5;ETYPDVPHcAK;0,986;;
;;;;606,3;2;73,9;INILDHAVcR;0,997;;
;;;;787,45;2;110;KDDVLDKDImLIR;0,997;;
;;;;1208,49;3;107;LNRPVSNSEHIAPLSLPSSPPSVGSVcYVMGWGK;0,997;;
B. jararacussu;Basic phospholipase A2 bothropstoxin-2 OS=Bothrops jararacussu PE=1 SV=1;PA2B2_BOTJR;PL;753,18;2;56,5;ccFVHDccYGK;0,997;No;No
;;;;832,29;2;81,8;ENGVIIcGEGTPcEK;0,997;;
;;;;1006,35;3;43,8;ETGKLPFPYYTTYGcYcGWGGQGQPK;0,962;;
;;;;864,35;2;80,2;QIcEcDKAAAVcFR;0,997;;
;;;;747,69;3;54,3;QIcEcDKAAAVcFRENLR;0,987;;
;;;;630,24;2;55,1;YMAYPDVLcK;0,997;;
;Basic phospholipase A2 homolog 2 OS=Bothrops moojeni PE=1 SV=2;PA2H2_BOTMO;PL;868,8;2;97,8;ELcEcDKAVAIcLR;0,997;No;No
;;;;665,31;2;92,5;mILQETGKNPAK;0,997;;
;;;;753,24;2;83,7;SYGVYGcNcGVGGR;0,997;;
;Basic phospholipase A2 homolog BnSP-7 OS=Bothrops pauloensis PE=1 SV=2;PA2H_BOTPA;PL;824,81;2;88,9;DKTIVcGENNPcLK;0,997;No;No
;;;;868,84;2;90,8;ELcEcDKAVAIcLR;0,997;;
;;;;469,73;2;44,3;ENLGTYNK;0,972;;
;;;;533,79;2;51,8;ENLGTYNKK;0,993;;
;;;;665,31;2;92,5;mILQETGKNPAK;0,997;;
;;;;948,73;3;71;mILQETGKNPAKSYGAYGcNcGVLGR;0,997;;
;;;;768,29;2;84,2;SYGAYGcNcGVLGR;0,997;;
;;;;702,72;2;72,6;TIVcGENNPcLK;0,997;;
;;;;1170,47;2;59;TIVcGENNPcLKELcEcDK;0,997;;
;;;;1041,97;3;60,2;TIVcGENNPcLKELcEcDKAVAIcLR;0,996;;
;;;;1231,87;2;97,8;YSYSWKDKTIVcGENNPcLK;0,997;;
;Basic phospholipase A2 homolog M1-3-3 OS=Bothrops asper PE=2 SV=1;PA2H3_BOTAS;PL;868,84;2;90,8;ELcEcDKAVAIcLR;0,997;No;No
;;;;949,3;3;58,1;MILQETGKNPVTSYGAYGcNcGVLGR;0,993;;
;Basic phospholipase A2 homolog OS=Atropoides nummifer PE=1 SV=1;PA2HB_ATRNM;PL;702,71;2;75,5;TIVcGKNNPcLK;0,997;No;No
;;;;823,21;2;44,2;DKTIVcGKNNPcLK;0,957;;
;Basic phospholipase A2 myotoxin III OS=Bothrops asper PE=1 SV=2;PA2B3_BOTAS;PL;576,62;3;66,4;QIcEcDKAAAVcFR;0,997;No;No
;;;;747,69;3;54,3;QIcEcDKAAAVcFRENLR;0,987;;
;;;;753,18;2;56,5;ccFVHDccYGK;0,997;;
;;;;753,68;2;48;SGVIIcGEGTPcEK;0,981;;
;;;;864,35;2;80,2;QIcEcDKAAAVcFR;0,997;;
;BJAR454SVSP08;BJAR454SVSP08;SVSP;606,31;2;66,2;INILDHAVcR;0,997;N55, N262;S144
;;;;636,79;2;63,7;VSYPDVPHcAK;0,997;;
;;;;708,82;2;57;EWVLTAAHcDSK;0,997;;
;BJAR454SVSP10;BJAR454SVSP10;SVSP;611,64;3;51,9;ISSTKETYPDVPHcAK;0,981;N44, N250;No
;;;;658,79;2;50,9;ETYPDVPHcAK;0,992;;
;;;;1092,54;3;59,9;GGKDTcEGDSGGPLIcNGLQGIVSGGGNPcGQR;0,996;;
;;;;1210,59;1;38,4;INILNHAVcR;0,97;;
;;;;1445,62;1;32;NDVLDKDIMLIR;0,961;;
;C-type lectin BJcuL OS=Bothrops jararacussu PE=1 SV=2;LECG_BOTJR;CTL;621,71;2;40,5;DFSWEWTDR;0,95;No;No
;;;;697,13;2;46,9;GQSEVWIGLcDK;0,978;;
;;;;685,83;2;68,2;KDFSWEWTDR;0,997;;
;;;;640,26;2;64,2;LWNDQVcESK;0,997;;
;;;;800,62;3;56,3;ScTDYLSWDKNQPDHYQNK;0,994;;
;C-type lectin BpLec OS=Bothrops pauloensis PE=1 SV=2;LECG_BOTPA;CTL;621,71;2;40,5;DFSWEWTDR;0,95;No;No
;;;;685,83;2;68,2;KDFSWEWTDR;0,997;;
;;;;640,26;2;64,2;LWNDQVcESK;0,997;;
;;;;1005,81;2;70,4;NNcPQDWLPMNGLcYK;0,997;;
;;;;1200,5;2;54;ScTDYLSWDKNQPDHYKNK;0,997;;
;Myotoxic protein PLA2K49 OS=Bothrocophias andianus PE=2 SV=1;L7VGC1_BOTAN;PL;868,84;2;90,8;ELcEcDKAVAIcLR;0,997;No;No
;;;;665,31;2;92,5;mILQETGKNPAK;0,997;;
;;;;1038,37;3;71,8;TLVcGEDNScLKELcEcDKAVAIcLR;0,997;;
;Platelet-aggregating proteinase PA-BJ (Fragment) OS=Bothrops jararaca PE=1 SV=2;VSP1_BOTJA;SVSP;723,22;2;67,7;DDVLDKDIMLIR;0,997;N25;No
;;;;659,26;2;48,5;ETYPDVPHcAK;0,988;;
;;;;606,31;2;66,2;INILDHAVcR;0,997;;
;;;;611,64;3;51,9;ISSTKETYPDVPHcAK;0,981;;
;;;;787,4;2;101;KDDVLDKDImLIR;0,997;;
B. moojeni;Basic phospholipase A2 homolog 2 OS=Bothrops moojeni PE=1 SV=2;PA2H2_BOTMO;PL;819,28;2;86,9;DKTIVcGENNScLK;0,997;No;No
;;;;1287,44;2;62,2;DKTIVcGENNScLKELcEcDK;0,997;;
;;;;868,84;2;83,5;ELcEcDKAVAIcLR;0,997;;
;;;;1358;2;48,1;ELcEcDKAVAIcLRENLDTYNK;0,988;;
;;;;665,31;2;90,6;mILQETGKNPAK;0,997;;
;;;;1053,43;2;81,2;SLFELGKMILQETGKNPAK;0,997;;
;;;;753,26;2;99,2;SYGVYGcNcGVGGR;0,997;;
;;;;698,26;2;70,1;TIVcGENNScLK;0,997;;
;;;;777,02;3;41,5;TIVcGENNScLKELcEcDK;0,958;;
;Basic phospholipase A2 homolog BnSP-7 OS=Bothrops pauloensis PE=1 SV=2;PA2H_BOTPA;PL;868,84;2;83,5;ELcEcDKAVAIcLR;0,997;No;No
;;;;665,31;2;90,6;mILQETGKNPAK;0,997;;
;;;;767,34;2;81,8;SYGAYGcNcGVLGR;0,997;;
;Basic phospholipase A2 homolog M1-3-3 OS=Bothrops asper PE=2 SV=1;PA2H3_BOTAS;PL;819,28;2;86,9;DKTIVcGENNScLK;0,997;No;No
;;;;1287,44;2;62,2;DKTIVcGENNScLKELcEcDK;0,997;;
;;;;868,84;2;83,5;ELcEcDKAVAIcLR;0,997;;
;;;;1423,62;2;90,6;MILQETGKNPVTSYGAYGcNcGVLGR;0,997;;
;;;;972,45;2;43,7;NPVTSYGAYGcNcGVLGR;0,981;;
;;;;698,26;2;70,1;TIVcGENNScLK;0,997;;
;;;;777,02;3;41,5;TIVcGENNScLKELcEcDK;0,958;;
;Basic phospholipase A2 myotoxin III OS=Bothrops asper PE=1 SV=2;PA2B3_BOTAS;PL;753,27;2;57,8;ccFVHDccYGK;0,997;No;No
;;;;1634,63;1;72,3;KSGVIIcGEGTPcEK;0,997;;
;;;;857,31;3;47,4;KSGVIIcGEGTPcEKQIcEcDK;0,979;;
;;;;576,65;3;56,8;QIcEcDKAAAVcFR;0,995;;
;BJAR454SVSP02;BJAR454SVSP02;SVSP;621,74;2;74;SIIAGNTAAAcPP;0,997;N44;No
;;;;571,32;2;55,4;VSDYTEWIK;0,995;;
;;;;1182,96;2;45,6;VSDYTEWIKSIIAGNTAAAcPP;0,981;;
;BJAR454SVSP08;BJAR454SVSP08;SVSP;1174,87;2;44,3;AAYPWWPATSTTLcAGILQGGK;0,963;N55, N262;S144
;;;;708,82;2;69,4;EWVLTAAHcDSK;0,997;;
;;;;903,39;2;76,6;EWVLTAAHcDSKNFK;0,997;;
;;;;605,88;2;78;INILDHAVcR;0,997;;
;;;;471,31;3;51,1;LPSRPPSVGSVcR;0,984;;
;;;;636,47;2;55,8;VSYPDVPHcAK;0,997;;
;BJAR454SVSP10;BJAR454SVSP10;SVSP;525,46;3;57,1;KNDVLDKDIMLIR;0,997;N44, N250;No
;;;;1056,27;2;74,4;AAYTWWPATSTTLcAGILK;0,997;;
;;;;658,76;2;53,2;ETYPDVPHcAK;0,995;;
;;;;1092,56;3;65,1;GGKDTcEGDSGGPLIcNGLQGIVSGGGNPcGQR;0,997;;
;;;;917,37;2;75,3;ISSTKETYPDVPHcAK;0,997;;
;;;;1573,94;1;57,6;KNDVLDKDIMLIR;0,99;;
;Glutaminyl-peptide cyclotransferase OS=Bothrops jararaca GN=QPCT PE=2 SV=1;QPCT_BOTJA;OT;760,29;2;59,3;TFSNIISTLNPLAK;0,997;N53, N65, N292, N352;S46, T50, S224, S231, T232
;;;;933,1;3;51,4;LQGLQAGWLVEEDTFQSHTPYGYR;0,99;;
;Myotoxic protein PLA2K49 OS=Bothrocophias andianus PE=2 SV=1;L7VGC1_BOTAN;PL;820,86;2;69,6;DKTLVcGEDNScLK;0,997;No;No
;;;;858,36;3;42,8;DKTLVcGEDNScLKELcEcDK;0,964;;
;;;;868,84;2;83,5;ELcEcDKAVAIcLR;0,997;;
;;;;665,31;2;90,6;mILQETGKNPAK;0,997;;
;;;;699,12;2;40,8;TLVcGEDNScLK;0,954;;
;;;;1165,28;2;59,4;TLVcGEDNScLKELcEcDK;0,997;;
;;;;1038,13;3;73,5;TLVcGEDNScLKELcEcDKAVAIcLR;0,997;;
;Platelet-aggregating proteinase PA-BJ (Fragment) OS=Bothrops jararaca PE=1 SV=2;VSP1_BOTJA;SVSP;724,34;2;53,9;DDVLDKDIMLIR;0,996;N25;No
;;;;658,76;2;53,2;ETYPDVPHcAK;0,995;;
;;;;605,86;2;69,2;INILDHAVcR;0,997;;
;;;;917,37;2;75,3;ISSTKETYPDVPHcAK;0,997;;
;;;;787,44;2;94,7;KDDVLDKDImLIR;0,997;;
B. neuwiedi;Acidic phospholipase A2 BITP01A OS=Bothrops insularis PE=1 SV=1;PA2A_BOTIN;PL;753,26;2;59,9;ccFVHDccYGK;0,997;No;No
;;;;688,5731;3;57,3;DATDRccFVHDccYGK;0,997;;
;;;;941,34;3;41,5;DATDRccFVHDccYGKVTGcDPK;0,973;;
;;;;775,66;2;74,1;MMNYVMGQSVVYK;0,997;;
;;;;595,923;3;49,1;QIcEcDRVAATcFR;0,997;;
;Basic phospholipase A2 bothropstoxin-2 OS=Bothrops jararacussu PE=1 SV=1;PA2B2_BOTJR;PL;753,26;2;59,9;ccFVHDccYGK;0,997;No;No
;;;;688,5731;3;57,3;DATDRccFVHDccYGK;0,997;;
;;;;864,36;2;71,9;QIcEcDKAAAVcFR;0,997;;
;;;;747,3337;3;38;QIcEcDKAAAVcFRENLR;0,978;;
;;;;630,2788;2;37,2;YMAYPDVLcK;0,979;;
;Basic phospholipase A2 homolog 1 OS=Bothrops moojeni PE=1 SV=1;PA2H1_BOTMO;PL;475,5995;3;55;DATDRccYVHK;0,997;N70;No
;;;;494,28;2;49,4;GKPKDATDR;0,988;;
;;;;665,77;2;80,3;mILQETGKNPAK;0,997;;
;;;;711,7991;4;132;mILQETGKNPAKSYGAYGcNcGVLGR;0,997;;
;;;;972,89;2;63,6;NPAKSYGAYGcNcGVLGR;0,997;;
;;;;579,77;3;51,7;QLcEcDKAVAIcLR;0,997;;
;;;;767,2385;2;106;SYGAYGcNcGVLGR;0,997;;
;;;;835,22;3;41,9;SYGAYGcNcGVLGRGKPKDATDR;0,973;;
;;;;784,8684;4;59,5;TIVcGEENPcLKQLcEcDKAVAIcLR;0,997;;
;Basic phospholipase A2 homolog 2 OS=Bothrops moojeni PE=1 SV=2;PA2H2_BOTMO;PL;359,6536;3;43,1;YSYSWKDK;0,99;No;No
;;;;475,5995;3;55;DATDRccYVHK;0,997;;
;;;;868,9208;2;99,9;ELcEcDKAVAIcLR;0,997;;
;;;;494,28;2;49,4;GKPKDATDR;0,988;;
;;;;665,77;2;80,3;mILQETGKNPAK;0,997;;
;;;;707,3586;3;92,6;SLFELGKMILQETGKNPAK;0,997;;
;;;;753,3027;2;82,8;SYGVYGcNcGVGGR;0,997;;
;;;;697,8009;2;74,9;TIVcGENNScLK;0,997;;
;;;;778,8535;4;78,5;TIVcGENNScLKELcEcDKAVAIcLR;0,997;;
;;;;616,81;2;53,6;YNYLKPFcK;0,997;;
;;;;538,74;2;40,2;YSYSWKDK;0,95;;
;Basic phospholipase A2 homolog BnSP-7 OS=Bothrops pauloensis PE=1 SV=2;PA2H_BOTPA;PL;359,6536;3;43,1;YSYSWKDK;0,99;No;No
;;;;861,87;2;60,2;AVAIcLRENLGTYNK;0,997;;
;;;;925,26;2;59,3;AVAIcLRENLGTYNKK;0,997;;
;;;;475,5995;3;55;DATDRccYVHK;0,997;;
;;;;824,4102;2;94,7;DKTIVcGENNPcLK;0,997;;
;;;;1292,47;2;55,9;DKTIVcGENNPcLKELcEcDK;0,997;;
;;;;868,9208;2;99,9;ELcEcDKAVAIcLR;0,997;;
;;;;1329,04;2;77,6;ELcEcDKAVAIcLRENLGTYNK;0,997;;
;;;;533,82;2;52,5;ENLGTYNKK;0,993;;
;;;;693,3385;2;83,7;ENLGTYNKKYR;0,997;;
;;;;494,35;2;51,5;GQPKDATDR;0,988;;
;;;;665,77;2;80,3;mILQETGKNPAK;0,997;;
;;;;711,7991;4;132;mILQETGKNPAKSYGAYGcNcGVLGR;0,997;;
;;;;972,89;2;63,6;NPAKSYGAYGcNcGVLGR;0,997;;
;;;;767,2548;2;128;SYGAYGcNcGVLGR;0,997;;
;;;;648,6081;3;95,1;SYGAYGcNcGVLGRGQPK;0,997;;
;;;;702,8166;2;100;TIVcGENNPcLK;0,997;;
;;;;1170,78;2;45,8;TIVcGENNPcLKELcEcDK;0,969;;
;;;;781,3386;4;175;TIVcGENNPcLKELcEcDKAVAIcLR;0,997;;
;;;;365,0006;3;45,7;YHLKPFcK;0,99;;
;;;;832,9;2;41,8;YHLKPFcKKADPc;0,967;;
;;;;538,74;2;40,2;YSYSWKDK;0,95;;
;;;;821,58;3;81,3;YSYSWKDKTIVcGENNPcLK;0,997;;
;Basic phospholipase A2 homolog M1-3-3 OS=Bothrops asper PE=2 SV=1;PA2H3_BOTAS;PL;359,6536;3;43,1;YSYSWKDK;0,99;No;No
;;;;475,5995;3;55;DATDRccYVHK;0,997;;
;;;;868,9208;2;99,9;ELcEcDKAVAIcLR;0,997;;
;;;;933,37;2;55,2;ELcEcDKAVAIcLRK;0,997;;
;;;;494,28;2;49,4;GKPKDATDR;0,988;;
;;;;494,38;2;45,4;GKPKDATDR;0,962;;
;;;;1423,52;2;80,6;MILQETGKNPVTSYGAYGcNcGVLGR;0,997;;
;;;;697,8009;2;74,9;TIVcGENNScLK;0,997;;
;;;;778,8535;4;78,5;TIVcGENNScLKELcEcDKAVAIcLR;0,997;;
;;;;538,74;2;40,2;YSYSWKDK;0,95;;
;Basic phospholipase A2 homolog OS=Atropoides nummifer PE=1 SV=1;PA2HB_ATRNM;PL;494,28;2;49,4;GKPKDATDR;0,988;No;No
;;;;1404,45;1;50,6;TIVcGKNNPcLK;0,994;;
;;;;1647,71;1;93,3;DKTIVcGKNNPcLK;0,997;;
;Basic phospholipase A2 myotoxin III OS=Bothrops asper PE=1 SV=2;PA2B3_BOTAS;PL;753,26;2;59,9;ccFVHDccYGK;0,997;No;No
;;;;688,5731;3;57,3;DATDRccFVHDccYGK;0,997;;
;;;;818,83;2;88,2;KSGVIIcGEGTPcEK;0,997;;
;;;;864,36;2;71,9;QIcEcDKAAAVcFR;0,997;;
;;;;747,3337;3;38;QIcEcDKAAAVcFRENLR;0,978;;
;BJAR454PLA21;BJAR454PLA21, PA2B1_BOTJR;PL;359,6536;3;43,1;YSYSWKDK;0,99;No;No
;;;;861,87;2;60,2;AVAIcLRENLGTYNK;0,997;;
;;;;925,26;2;59,3;AVAIcLRENLGTYNKK;0,997;;
;;;;475,5995;3;55;DATDRccYVHK;0,997;;
;;;;824,4102;2;94,7;DKTIVcGENNPcLK;0,997;;
;;;;1292,47;2;55,9;DKTIVcGENNPcLKELcEcDK;0,997;;
;;;;868,9208;2;99,9;ELcEcDKAVAIcLR;0,997;;
;;;;1329,04;2;77,6;ELcEcDKAVAIcLRENLGTYNK;0,997;;
;;;;533,82;2;52,5;ENLGTYNKK;0,993;;
;;;;693,3385;2;83,7;ENLGTYNKKYR;0,997;;
;;;;494,28;2;49,4;GKPKDATDR;0,988;;
;;;;665,77;2;80,3;mILQETGKNPAK;0,997;;
;;;;711,7991;4;132;mILQETGKNPAKSYGAYGcNcGVLGR;0,997;;
;;;;972,89;2;63,6;NPAKSYGAYGcNcGVLGR;0,997;;
;;;;767,2548;2;128;SYGAYGcNcGVLGR;0,997;;
;;;;835,22;3;41,9;SYGAYGcNcGVLGRGKPKDATDR;0,973;;
;;;;702,8166;2;100;TIVcGENNPcLK;0,997;;
;;;;1170,78;2;45,8;TIVcGENNPcLKELcEcDK;0,969;;
;;;;781,3386;4;175;TIVcGENNPcLKELcEcDKAVAIcLR;0,997;;
;;;;365,0006;3;45,7;YHLKPFcK;0,99;;
;;;;832,9;2;41,8;YHLKPFcKKADPc;0,967;;
;;;;538,74;2;40,2;YSYSWKDK;0,95;;
;;;;821,58;3;81,3;YSYSWKDKTIVcGENNPcLK;0,997;;
;BJAR454SVSP08;BJAR454SVSP08;SVSP;338,351;3;60,6;MQLGVHSIK;0,997;N55, N262;S144
;;;;1175,41;2;81,9;AAYPWWPATSTTLcAGILQGGK;0,997;;
;;;;605,85;2;69,7;INILDHAVcR;0,997;;
;;;;528,46;3;54,2;KPcGHPDNPGIYTK;0,997;;
;;;;471,3084;3;60,7;LPSRPPSVGSVcR;0,997;;
;;;;424,9744;3;69,3;VSYPDVPHcAK;0,997;;
;BJAR454SVSP10;BJAR454SVSP10;SVSP;658,29;2;43,4;ETYPDVPHcAK;0,975;N44, N250;No
;;;;605,4;2;71,7;INILNHAVcR;0,997;;
;;;;916,85;2;63,2;ISSTKETYPDVPHcAK;0,997;;
;;;;786,944;2;102;KNDVLDKDIMLIR;0,997;;
;;;;511,84;2;54,3;LGVHSIKIR;0,997;;
;;;;338,351;3;60,6;MKLGVHSIK;0,997;;
;;;;482,323;3;94;NDVLDKDIMLIR;0,997;;
;C-type lectin BJcuL OS=Bothrops jararacussu PE=1 SV=2;LECG_BOTJR;CTL;665,26;2;55,3;AWKDAEMFcR;0,997;No;No
;;;;1029,31;2;81,3;IFNELKAWKDAEmFcR;0,997;;
;;;;685,87;2;75,6;KDFSWEWTDR;0,997;;
;;;;640,31;2;55,8;LWNDQVcESK;0,997;;
;;;;1224,39;2;72,2;LWNDQVcESKNAFLcQcKF;0,997;;
;;;;595,23;2;41,1;NAFLcQcKF;0,948;;
;;;;1275,31;1;39,5;ScTDYLSWDK;0,973;;
;C-type lectin BPL OS=Bothrops pirajai PE=1 SV=1;LECG_BOTPI;CTL;595,23;2;41,1;NAFLcQcKF;0,948;No;No
;;;;685,87;2;75,6;KDFSWEWTDR;0,997;;
;;;;686,95;3;71,3;IFNELKAWEDAEMFcR;0,997;;
;;;;800,35;3;64,7;ScTDYLSWDKNQPDHYENK;0,997;;
;;;;1187,48;1;39,3;NAFLcQcKF;0,968;;
;;;;1188,46;1;31,5;NAFLcQcKF;0,957;;
;;;;1275,31;1;39,5;ScTDYLSWDK;0,973;;
;C-type lectin BpLec OS=Bothrops pauloensis PE=1 SV=2;LECG_BOTPA;CTL;665,26;2;55,3;AWKDAEMFcR;0,997;No;No
;;;;1030,51;2;78,2;IFDELKAWKDAEMFcR;0,997;;
;;;;685,87;2;75,6;KDFSWEWTDR;0,997;;
;;;;640,31;2;55,8;LWNDQVcESK;0,997;;
;;;;1224,39;2;72,2;LWNDQVcESKNAFLcQcKF;0,997;;
;;;;595,23;2;41,1;NAFLcQcKF;0,948;;
;;;;1005,87;2;84,9;NNcPQDWLPMNGLcYK;0,997;;
;;;;1275,31;1;39,5;ScTDYLSWDK;0,973;;
;;;;1078,87;2;58;ScTDYLSWDKNQPDHYK;0,997;;
;Glutaminyl-peptide cyclotransferase OS=Bothrops jararaca GN=QPCT PE=2 SV=1;QPCT_BOTJA;OT;722,31;2;53,6;LIFFDGEEAFVR;0,997;N53, N65, N292, N352;S46, T50, S224, S231, T232
;;;;760,37;2;67,9;TFSNIISTLNPLAK;0,997;;
;;;;769,87;2;42,5;NPVFPVYFLNTAR;0,969;;
;;;;933,9;3;51,8;MWQNDLHPILIERYPGSPGSYAVR;0,997;;
;MP_I2 SVMP (Fragment) OS=Bothrops neuwiedi PE=2 SV=1;E3UJL4_BOTNU;SVMP;947,5;3;78,9;VAVTMAHELGHNLGMDHDDTcTcGAK;0,997;No;T6, T8, S12, S20, S195, S234
;;;;960,54;2;45,3;SMNVDASLVNLEVWSKK;0,976;;
;MP_IIb1 SVMP (Fragment) OS=Bothrops neuwiedi PE=2 SV=1;E3UJL5_BOTNU;SVMP;765,26;3;49,8;TPRGDEPDDccNGISADcPR;0,995;N128;T6, T8, S20, S234, S273, T291, T295
;;;;972,6;3;69,8;EKGEDcDcGPPANcQNPccDAATcK;0,997;;
;Myotoxic protein PLA2K49 OS=Bothrocophias andianus PE=2 SV=1;L7VGC1_BOTAN;PL;359,6536;3;43,1;YSYSWKDK;0,99;No;No
;;;;868,9208;2;99,9;ELcEcDKAVAIcLR;0,997;;
;;;;665,77;2;80,3;mILQETGKNPAK;0,997;;
;;;;1039,11;3;47,3;TLVcGEDNScLKELcEcDKAVAIcLR;0,993;;
;;;;538,74;2;40,2;YSYSWKDK;0,95;;
;Platelet-aggregating proteinase PA-BJ (Fragment) OS=Bothrops jararaca PE=1 SV=2;VSP1_BOTJA;SVSP;482,6514;3;72,6;DDVLDKDIMLIR;0,997;N25;No
;;;;658,29;2;43,4;ETYPDVPHcAK;0,975;;
;;;;605,85;2;69,7;INILDHAVcR;0,997;;
;;;;916,85;2;63,2;ISSTKETYPDVPHcAK;0,997;;
;;;;787,37;2;113;KDDVLDKDImLIR;0,997;;
;;;;511,84;2;54,3;LGVHSIKIR;0,997;;
;;;;338,351;3;60,6;MKLGVHSIK;0,997;;
;;;;;;;;;;
"CTL: C-type lectin; LAAO: L-amino acid oxidase; OT: other; PL: phospholipase; SVMP: snake venom metalloproteinase; SVSP: snake venom serine proteinase.L";;;;;;;;;;
;;;;;;;;;;
;;;;;;;;;;
*Accession numbers according to Uniprot.;;;;;;;;;;
**For details on peptide identification and validation see the Experimental Procedures section.;;;;;;;;;;
"***According to NetNGlyc at www.expasy.org; putative N- glycosylation sites were considered as such if they crossed the default threshold of 0.5 and thus represent a predicted glycosylated site.";;;;;;;;;;
"****According to NetOGlyc at www.expasy.org; putative O-glycosylation sites were considered as such if they resulted from prediction scores higher than 0.5.";;;;;;;;;;