B. moojeni venom;Protein name;Accession number;m/z;z;Mascot score;Toxin Class;Peptides;Peptide identification probability 
;Basic phospholipase A2 homolog 2 OS=Bothrops moojeni PE=1 SV=2;PA2H2_BOTMO;359,506317;3;21,6;PL;YSYSWKDK;0,988
;;;368,841736;3;19,2;;DRYSYSWK;0,989
;;;368,841766;3;24,1;;DRYSYSWK;0,99
;;;411,542358;3;22,5;;YNYLKPFcK;0,984
;;;411,542572;3;19,6;;YNYLKPFcK;0,971
;;;443,911499;3;34,5;;MILQETGKNPAK;0,997
;;;443,91153;3;33,7;;MILQETGKNPAK;0,997
;;;449,242798;3;24,6;;MILQETGKNPAK;0,981
;;;449,24292;3;23,1;;MILQETGKNPAK;0,979
;;;460,249542;2;42,8;;MILQETGK;0,99
;;;460,249664;2;47,9;;MILQETGK;0,99
;;;502,5466;3;26,2;;SYGVYGcNcGVGGR;0,997
;;;502,546875;3;24,8;;SYGVYGcNcGVGGR;0,996
;;;546,590881;3;26;;DKTIVcGENNScLK;0,972
;;;546,591675;3;51,4;;DKTIVcGENNScLK;0,997
;;;546,592224;3;52,5;;DKTIVcGENNScLK;0,997
;;;552,758789;2;22,8;;DRYSYSWK;0,971
;;;552,75885;2;23;;DRYSYSWK;0,972
;;;579,608154;3;31,8;;ELcEcDKAVAIcLR;0,997
;;;579,608887;3;19,1;;ELcEcDKAVAIcLR;0,975
;;;579,609253;3;51,7;;ELcEcDKAVAIcLR;0,997
;;;579,609314;3;44,9;;ELcEcDKAVAIcLR;0,997
;;;616,809692;2;30,8;;YNYLKPFcK;0,988
;;;616,809937;2;47,7;;YNYLKPFcK;0,997
;;;643,784241;4;23,2;;DKTIVcGENNScLKELcEcDK;0,997
;;;643,784912;4;30,6;;DKTIVcGENNScLKELcEcDK;0,997
;;;665,363098;2;68,5;;MILQETGKNPAK;0,997
;;;665,363342;2;71,5;;MILQETGKNPAK;0,997
;;;673,358765;2;39,1;;MILQETGKNPAK;0,978
;;;673,360657;2;42,6;;MILQETGKNPAK;0,997
;;;697,822449;2;55,5;;TIVcGENNScLK;0,997
;;;697,823914;2;74,4;;TIVcGENNScLK;0,997
;;;697,823975;2;57,5;;TIVcGENNScLK;0,997
;;;697,824646;2;50,5;;TIVcGENNScLK;0,997
;;;753,316223;2;65,6;;SYGVYGcNcGVGGR;0,997
;;;753,316284;2;78,3;;SYGVYGcNcGVGGR;0,997
;;;819,384338;2;72,7;;DKTIVcGENNScLK;0,997
;;;819,384888;2;77,6;;DKTIVcGENNScLK;0,997
;;;858,04187;3;45,4;;DKTIVcGENNScLKELcEcDK;0,997
;;;868,909607;2;72,1;;ELcEcDKAVAIcLR;0,997
;;;868,909912;2;85,2;;ELcEcDKAVAIcLR;0,997
;;;1165,002441;2;67,6;;TIVcGENNScLKELcEcDK;0,997
;Basic phospholipase A2 homolog M1-3-3 OS=Bothrops asper PE=2 SV=1;PA2H3_BOTAS;359,506317;3;21,6;PL;YSYSWKDK;0,988
;;;368,841736;3;19,2;;DRYSYSWK;0,989
;;;368,841766;3;24,1;;DRYSYSWK;0,99
;;;460,249542;2;42,8;;MILQETGK;0,99
;;;460,249664;2;47,9;;MILQETGK;0,99
;;;546,590881;3;26;;DKTIVcGENNScLK;0,972
;;;546,591675;3;51,4;;DKTIVcGENNScLK;0,997
;;;546,592224;3;52,5;;DKTIVcGENNScLK;0,997
;;;552,758789;2;22,8;;DRYSYSWK;0,971
;;;552,75885;2;23;;DRYSYSWK;0,972
;;;579,608154;3;31,8;;ELcEcDKAVAIcLR;0,997
;;;579,608887;3;19,1;;ELcEcDKAVAIcLR;0,975
;;;579,609253;3;51,7;;ELcEcDKAVAIcLR;0,997
;;;579,609314;3;44,9;;ELcEcDKAVAIcLR;0,997
;;;592,300232;2;44,5;;NNYLKPFcK;0,997
;;;592,300659;2;44,4;;NNYLKPFcK;0,997
;;;643,784241;4;23,2;;DKTIVcGENNScLKELcEcDK;0,997
;;;643,784912;4;30,6;;DKTIVcGENNScLKELcEcDK;0,997
;;;648,960693;3;74,9;;NPVTSYGAYGcNcGVLGR;0,997
;;;648,960938;3;72,7;;NPVTSYGAYGcNcGVLGR;0,997
;;;697,822449;2;55,5;;TIVcGENNScLK;0,997
;;;697,823914;2;74,4;;TIVcGENNScLK;0,997
;;;697,823975;2;57,5;;TIVcGENNScLK;0,997
;;;697,824646;2;50,5;;TIVcGENNScLK;0,997
;;;819,384338;2;72,7;;DKTIVcGENNScLK;0,997
;;;819,384888;2;77,6;;DKTIVcGENNScLK;0,997
;;;858,04187;3;45,4;;DKTIVcGENNScLKELcEcDK;0,997
;;;868,909607;2;72,1;;ELcEcDKAVAIcLR;0,997
;;;868,909912;2;85,2;;ELcEcDKAVAIcLR;0,997
;;;949,117859;3;66,3;;mILQETGKNPVTSYGAYGcNcGVLGR;0,997
;;;949,118469;3;70,4;;mILQETGKNPVTSYGAYGcNcGVLGR;0,997
;;;954,449341;3;32,1;;mILQETGKNPVTSYGAYGcNcGVLGR;0,997
;;;954,4505;3;74,3;;mILQETGKNPVTSYGAYGcNcGVLGR;0,997
;;;954,451599;3;86,8;;mILQETGKNPVTSYGAYGcNcGVLGR;0,997
;;;954,451782;3;22,5;;mILQETGKNPVTSYGAYGcNcGVLGR;0,985
;;;972,937805;2;92,8;;NPVTSYGAYGcNcGVLGR;0,997
;;;972,94104;2;82,5;;NPVTSYGAYGcNcGVLGR;0,997
;;;1165,002441;2;67,6;;TIVcGENNScLKELcEcDK;0,997
;;;1423,177734;2;46,5;;mILQETGKNPVTSYGAYGcNcGVLGR;0,997
;Basic phospholipase A2 myotoxin III OS=Bothrops asper PE=1 SV=2;PA2B3_BOTAS;349,833466;3;23,5;PL;TDRYSYSR;0,988
;;;502,518829;3;27,3;;ccFVHDccYGK;0,997
;;;502,519012;3;25,6;;ccFVHDccYGK;0,997
;;;545,599854;3;41,9;;KSGVIIcGEGTPcEK;0,997
;;;545,600647;3;44,9;;KSGVIIcGEGTPcEK;0,997
;;;576,593445;3;40,2;;QIcEcDKAAAVcFR;0,997
;;;576,59375;3;25;;QIcEcDKAAAVcFR;0,996
;;;753,274963;2;44,2;;ccFVHDccYGK;0,997
;;;753,275208;2;52,3;;ccFVHDccYGK;0,997
;;;753,853271;2;65,4;;SGVIIcGEGTPcEK;0,997
;;;753,853943;2;58,7;;SGVIIcGEGTPcEK;0,997
;;;817,89679;2;81,1;;KSGVIIcGEGTPcEK;0,997
;;;817,897339;2;81,1;;KSGVIIcGEGTPcEK;0,997
;BJAR4545NUCL1;BJAR4545NUCL1;450,245361;3;26,3;OT;VVYDLSQKPGSR;0,996
;;;476,2789;2;30;;VGIIGYTTK;0,995
;;;;;31,2;;VGIIGYTTK;0,996
;;;519,278503;3;40,4;;IIALGHSGFLEDQR;0,997
;;;519,278564;3;37,3;;IIALGHSGFLEDQR;0,997
;;;521,797913;2;50,8;;SSGNPILLNK;0,997
;;;521,798157;2;41,3;;SSGNPILLNK;0,997
;;;526,634094;3;51,8;;HANFPILSANIRPK;0,997
;;;526,63446;3;52,3;;HANFPILSANIRPK;0,997
;;;653,359497;3;21,7;;YLGYLTVIFDDKGNVIK;0,982
;;;672,276733;2;55,3;;cTGQDcYGGVAR;0,997
;;;672,276855;2;72,3;;cTGQDcYGGVAR;0,997
;;;725,362305;2;53,6;;VVSLNVLcTEcR;0,997
;;;725,363403;2;47,8;;VVSLNVLcTEcR;0,997
;;;778,416931;2;45,2;;IIALGHSGFLEDQR;0,997
;;;778,417236;2;50;;IIALGHSGFLEDQR;0,997
;;;807,718689;3;27,4;;FHEcNLGNLIcDAVIYNNVR;0,997
;;;807,719177;3;30,9;;FHEcNLGNLIcDAVIYNNVR;0,997
;;;863,100708;3;43,2;;YDAMALGNHEFDNGLAGLLDPLLK;0,997
;;;979,534668;2;55,5;;YLGYLTVIFDDKGNVIK;0,997
;;;979,535278;2;54,9;;YLGYLTVIFDDKGNVIK;0,997
;BJAR454CRISP1;BJAR454CRISP1;430,567719;3;24,2;OT;KSVNPTASNMLK;0,985
;;;430,567749;3;23,2;;KSVNPTASNMLK;0,98
;;;477,009949;4;40,9;;KPEIQNEIVDLHNSLR;0,997
;;;477,01001;4;48,1;;KPEIQNEIVDLHNSLR;0,997
;;;509,033173;4;31,8;;KPEIQNEIVDLHNSLRK;0,997
;;;509,033264;4;38;;KPEIQNEIVDLHNSLRK;0,997
;;;581,299744;2;58,4;;SVNPTASNMLK;0,997
;;;581,30011;2;52,3;;SVNPTASNMLK;0,997
;;;635,677307;3;58,7;;KPEIQNEIVDLHNSLR;0,997
;;;635,67749;3;60,1;;KPEIQNEIVDLHNSLR;0,997
;;;645,347534;2;66,1;;KSVNPTASNMLK;0,997
;;;;;66,3;;KSVNPTASNMLK;0,997
;;;761,376038;2;59,8;;cGENIYMSPIPIK;0,997
;;;761,376953;2;54,1;;cGENIYMSPIPIK;0,997
;;;928,402588;2;92,6;;SYLAGcAAAYcPSSSYK;0,997
;;;928,403748;2;77,5;;SYLAGcAAAYcPSSSYK;0,997
;BJAR454CTL02;BJAR454CTL02;884,748901;3;54,3;CTL;FcSEEVNGGHLVSIESAGEADFVAK;0,997
;;;1037,454712;2;98,2;;WSDGSSVSYENWSEAELK;0,997
;;;1037,455566;2;83,8;;WSDGSSVSYENWSEAELK;0,997
;BJAR454CTL03;BJAR454CTL03,BJAR454CTL09;829,338745;2;35;CTL;ESWDDVSWYDAER;0,977
;;;899,789429;3;44,7;;GGHLVSIESDEEADFVAQLVAQNIR;0,997
;;;899,789917;3;34,6;;GGHLVSIESDEEADFVAQLVAQNIR;0,994
;BJAR454CTL04;BJAR454CTL04;829,338745;2;35;CTL;ESWDDVSWYDAER;0,977
;;;852,891113;2;58;;WSDYSSVSYENLVR;0,997
;;;899,122681;3;33;;GGHLVSIESDEEADFVAQLVAPNIGK;0,997
;;;899,126038;3;37,9;;GGHLVSIESDEEADFVAQLVAPNIGK;0,997
;BJAR454DIESTER2;BJAR454DIESTER2;343,526245;3;21,7;OT;LHYVNNIR;0,969
;;;511,613251;3;29,3;;LWNYFHTTLIPK;0,997
;;;516,769348;2;42,1;;YcLLHQAK;0,99
;;;533,757935;2;47,1;;cSSITELEK;0,997
;;;533,759644;2;47,2;;cSSITELEK;0,997
;;;546,792908;2;47,8;;TLGMLMEGLK;0,997
;;;554,789856;2;40,4;;TLGMLMEGLK;0,997
;;;561,286255;2;41,9;;NPFYTPSPAK;0,995
;;;582,958679;3;24,1;;SMQAIFLAHGPGFNEK;0,986
;;;582,95929;3;18,7;;SMQAIFLAHGPGFNEK;0,946
;;;583,842346;2;26,6;;QPLPETLQLK;0,986
;;;583,843018;2;27;;QPLPETLQLK;0,985
;;;630,852722;2;42,8;;TFLPIFVNPVN;0,997
;;;630,853027;2;43,2;;TFLPIFVNPVN;0,997
;;;642,022339;3;56,7;;VRDVELLTGLNFYSGLK;0,997
;;;642,022705;3;43,9;;VRDVELLTGLNFYSGLK;0,997
;;;649,337158;3;40,1;;IDKVNLMVDQQWMAVR;0,997
;;;;;49,2;;IDKVNLMVDQQWMAVR;0,997
;;;667,071411;4;18,1;;NLHNcVNLILLADHGMEAIScDR;0,971
;;;678,334778;2;48,9;;AATYFWPGSEVK;0,997
;;;678,334839;2;45,5;;AATYFWPGSEVK;0,997
;;;718,832458;2;47;;DYYTFDSEGIVK;0,997
;;;766,915833;2;28,7;;LWNYFHTTLIPK;0,972
;;;766,916443;2;46,5;;LWNYFHTTLIPK;0,997
;;;776,378845;3;50,8;;EVTPFENIEVYNLMcDLLK;0,997
;;;776,381714;3;26,8;;EVTPFENIEVYNLMcDLLK;0,995
;;;778,022705;3;41,8;;EQSSPLScPFGPVPSPDVSGcK;0,997
;;;795,398804;2;62,8;;VNLMVDQQWMAVR;0,997
;;;795,399841;2;68,2;;VNLMVDQQWMAVR;0,997
;;;819,076477;3;45;;KEVTPFENIEVYNLMcDLLK;0,997
;;;819,077148;3;34,7;;KEVTPFENIEVYNLMcDLLK;0,994
;;;858,085327;3;44,8;;YISAYSQDILMPLWTSYTTYR;0,997
;;;858,086182;3;51,5;;YISAYSQDILMPLWTSYTTYR;0,997
;;;873,933838;2;64,9;;SMQAIFLAHGPGFNEK;0,997
;;;873,935425;2;53,1;;SMQAIFLAHGPGFNEK;0,997
;;;919,442566;2;70,1;;AGYLESWDSLMPNINK;0,997
;;;;;79,3;;AGYLESWDSLMPNINK;0,997
;;;973,503052;2;76,9;;IDKVNLMVDQQWMAVR;0,997
;;;1164,068481;2;55,9;;EVTPFENIEVYNLMcDLLK;0,997
;;;1164,069092;2;58,8;;EVTPFENIEVYNLMcDLLK;0,997
;;;1166,528198;2;51,7;;EQSSPLScPFGPVPSPDVSGcK;0,997
;;;1166,533569;2;52,3;;EQSSPLScPFGPVPSPDVSGcK;0,997
;;;1286,625;2;63,8;;YISAYSQDILMPLWTSYTTYR;0,997
;BJAR454LAO2;BJAR454LAO2;337,528534;3;22,3;LAAO;IFLTcTKK;0,972
;;;431,878448;3;29,7;;HDDIFAYEKR;0,996
;;;431,878845;3;51,7;;HDDIFAYEKR;0,997
;;;451,561462;3;36;;SAGQLYEESLQK;0,997
;;;466,243683;3;29,5;;AGHQVTVLEASER;0,996
;;;466,244202;3;25,3;;AGHQVTVLEASER;0,989
;;;496,235718;3;23;;ETDYEEFLEIAK;0,979
;;;496,236389;3;41,7;;ETDYEEFLEIAK;0,997
;;;505,78894;2;31,1;;IFLTcTKK;0,99
;;;569,264404;2;56,3;;HDDIFAYEK;0,997
;;;569,264465;2;59;;HDDIFAYEK;0,997
;;;587,630371;3;43;;EGWYANLGPMRLPEK;0,997
;;;592,962402;3;37,6;;EGWYANLGPMRLPEK;0,997
;;;592,962891;3;33,5;;EGWYANLGPMRLPEK;0,997
;;;647,305176;2;43,5;;EGWYANLGPMR;0,997
;;;647,305969;2;44,7;;EGWYANLGPMR;0,997
;;;655,302551;2;35,4;;EGWYANLGPMR;0,995
;;;655,302795;2;32;;EGWYANLGPMR;0,992
;;;676,837891;2;59,3;;SAGQLYEESLQK;0,997
;;;676,83844;2;63;;SAGQLYEESLQK;0,997
;;;704,860474;2;63,9;;LPTSMYQAIQEK;0,997
;;;704,86084;2;89,5;;LPTSMYQAIQEK;0,997
;;;743,851135;2;52;;ETDYEEFLEIAK;0,997
;;;743,851196;2;67,3;;ETDYEEFLEIAK;0,997
;;;757,705811;3;28,6;;IYFAGEYTAQAHGWIDSTIK;0,988
;;;;;29,5;;IYFAGEYTAQAHGWIDSTIK;0,991
;;;757,706177;3;36,5;;IYFAGEYTAQAHGWIDSTIK;0,997
;;;757,706543;3;27;;IYFAGEYTAQAHGWIDSTIK;0,994
;;;757,707092;3;25,7;;IYFAGEYTAQAHGWIDSTIK;0,996
;;;757,707458;3;20,5;;IYFAGEYTAQAHGWIDSTIK;0,983
;;;920,197632;4;39,7;;WSLDKYAMGGITTFTPYQFQHFSEALTAPVDR;0,997
;;;920,198303;4;28,6;;WSLDKYAMGGITTFTPYQFQHFSEALTAPVDR;0,997
;;;922,243164;5;28,2;;EGNLSPGAVDMIGDLLNEDSGYYVSFIESLKHDDIFAYEKR;0,995
;;;922,244019;5;22,1;;EGNLSPGAVDMIGDLLNEDSGYYVSFIESLKHDDIFAYEKR;0,98
;;;1016,821655;3;56,2;;YAMGGITTFTPYQFQHFSEALTAPVDR;0,997
;;;1016,822754;3;43,7;;YAMGGITTFTPYQFQHFSEALTAPVDR;0,997
;;;1111,532471;3;77,4;;EGNLSPGAVDMIGDLLNEDSGYYVSFIESLK;0,997
;;;1111,534302;3;65,7;;EGNLSPGAVDMIGDLLNEDSGYYVSFIESLK;0,997
;;;1113,528687;4;21,7;;EGNLSPGAVDMIGDLLNEDSGYYVSFIESLKHDDIFAYEK;0,996
;;;1117,524902;4;37,8;;EGNLSPGAVDMIGDLLNEDSGYYVSFIESLKHDDIFAYEK;0,997
;;;1152,550537;4;18,7;;EGNLSPGAVDMIGDLLNEDSGYYVSFIESLKHDDIFAYEKR;0,963
;;;1226,594727;3;58,7;;WSLDKYAMGGITTFTPYQFQHFSEALTAPVDR;0,997
;;;1226,594971;3;75,8;;WSLDKYAMGGITTFTPYQFQHFSEALTAPVDR;0,997
;;;1484,37854;3;41,7;;EGNLSPGAVDMIGDLLNEDSGYYVSFIESLKHDDIFAYEK;0,997
;;;1666,790161;2;56,5;;EGNLSPGAVDMIGDLLNEDSGYYVSFIESLK;0,997
;;;1666,794312;2;70,7;;EGNLSPGAVDMIGDLLNEDSGYYVSFIESLK;0,997
;BJAR454PLA23;BJAR454PLA23;362,496307;3;14,4;PL;DNKDTYDSK;0,949
;;;362,496338;3;15,2;;DNKDTYDSK;0,962
;;;362,496399;3;17,6;;DNKDTYDSK;0,983
;;;362,496429;3;19,5;;DNKDTYDSK;0,981
;;;362,496552;3;32,2;;DNKDTYDSK;0,997
;;;362,496674;3;21,9;;DNKDTYDSK;0,984
;;;362,496704;3;25,5;;DNKDTYDSK;0,994
;;;502,518829;3;27,3;;ccFVHDccYGK;0,997
;;;502,519012;3;25,6;;ccFVHDccYGK;0,997
;;;543,239319;2;32,8;;DNKDTYDSK;0,976
;;;543,240234;2;33,7;;DNKDTYDSK;0,997
;;;543,241455;2;34;;DNKDTYDSK;0,997
;;;580,231079;3;28,2;;RFPAENcQEDSEPc;0,997
;;;580,233154;3;35,5;;RFPAENcQEDSEPc;0,997
;;;753,274963;2;44,2;;ccFVHDccYGK;0,997
;;;753,275208;2;52,3;;ccFVHDccYGK;0,997
;;;791,792175;2;49,3;;FPAENcQEDSEPc;0,997
;;;791,792236;2;41,7;;FPAENcQEDSEPc;0,997
;;;791,79248;2;31,7;;FPAENcQEDSEPc;0,997
;;;869,841858;2;53,5;;RFPAENcQEDSEPc;0,997
;;;869,842468;2;57,4;;RFPAENcQEDSEPc;0,997
;;;869,842957;2;68,2;;RFPAENcQEDSEPc;0,997
;BJAR454PLB1;BJAR454PLB1;397,856354;3;32,3;PL;NNKDDPFWR;0,997
;;;397,856384;3;40,8;;NNKDDPFWR;0,997
;;;468,885559;3;20,6;;YNNYKEDPYAK;0,99
;;;;;21,9;;YNNYKEDPYAK;0,993
;;;477,717041;2;40;;ITDMESMK;0,99
;;;477,717194;2;39,4;;ITDMESMK;0,99
;;;479,558807;3;42,1;;HGLEFSYEMAPR;0,997
;;;479,559357;3;49,8;;HGLEFSYEMAPR;0,997
;;;487,601501;3;31,6;;KVVPESLFAWER;0,997
;;;506,243408;2;37,6;;TWAETFEK;0,99
;;;519,241333;2;47,5;;IANMMADSGK;0,997
;;;519,241577;2;43,3;;IANMMADSGK;0,997
;;;568,973572;3;43,7;;SLEDGTLYIIEQVPK;0,997
;;;;;46,6;;SLEDGTLYIIEQVPK;0,997
;;;596,280579;2;30,5;;NNKDDPFWR;0,995
;;;596,281067;2;38,4;;NNKDDPFWR;0,997
;;;597,743591;2;35,1;;NPcNTIccR;0,997
;;;597,744202;2;41,8;;NPcNTIccR;0,997
;;;666,85022;2;35;;VVPESLFAWER;0,992
;;;666,850647;2;45,2;;VVPESLFAWER;0,997
;;;692,360168;2;68,6;;FTAYAISGPTVEK;0,997
;;;692,360596;2;65,5;;FTAYAISGPTVEK;0,997
;;;702,823853;2;52,8;;YNNYKEDPYAK;0,997
;;;718,833801;2;54;;HGLEFSYEMAPR;0,997
;;;718,834473;2;39,4;;HGLEFSYEMAPR;0,997
;;;852,955688;2;81,6;;SLEDGTLYIIEQVPK;0,997
;;;852,955933;2;74;;SLEDGTLYIIEQVPK;0,997
;;;1111,552368;2;59,1;;HQGLPESYNFDFVTMKPVL;0,997
;BJAR454SVMPPI01;BJAR454SVMPPI01;324,874603;3;17,8;SVMP;KDLIKVEK;0,968
;;;547,782715;2;30,7;;YNSNLNTIR;0,975
;;;547,782898;2;66,8;;YNSNLNTIR;0,997
;;;;;68,2;;YNSNLNTIR;0,997
;;;548,773987;2;53,6;;TLTSFGEWR;0,997
;;;548,774414;2;40,7;;TLTSFGEWR;0,997
;;;609,329346;2;51,7;;ASLANLEVWSK;0,997
;;;609,329529;2;47,9;;ASLANLEVWSK;0,997
;BJAR454SVMPPI02;BJAR454SVMPPI02,VM1B_BOTIN;318,178467;4;27;SVMP;RIHQMVNIMK;0,997
;;;318,178558;4;18;;RIHQMVNIMK;0,974
;;;371,868439;3;28,3;;IHQMVNIMK;0,997
;;;;;36,2;;IHQMVNIMK;0,997
;;;377,199707;3;36,3;;IHQMVNIMK;0,997
;;;377,199982;3;33,2;;IHQMVNIMK;0,997
;;;377,200256;3;25,8;;IHQMVNIMK;0,992
;;;423,902557;3;33;;RIHQMVNIMK;0,997
;;;423,902679;3;37,4;;RIHQMVNIMK;0,997
;;;429,233032;3;30,4;;RIHQMVNIMK;0,995
;;;557,298767;2;33,8;;IHQMVNIMK;0,997
;;;557,299011;2;31,3;;IHQMVNIMK;0,995
;;;614,64856;3;21,8;;YIELFIVVDHGMFmK;0,97
;;;635,349243;2;40,9;;RIHQMVNIMK;0,997
;;;635,349304;2;42,3;;RIHQMVNIMK;0,997
;;;636,329712;2;45,7;;ENPQcILNKR;0,997
;;;636,3302;2;40,5;;ENPQcILNKR;0,997
;;;721,639099;3;27,4;;YFSDcSYIQcWDFIMK;0,997
;;;721,63916;3;34,8;;YFSDcSYIQcWDFIMK;0,997
;;;726,970154;3;45,4;;YFSDcSYIQcWDFIMK;0,997
;;;726,970337;3;54,3;;YFSDcSYIQcWDFIMK;0,997
;;;726,970825;3;51;;YFSDcSYIQcWDFIMK;0,997
;;;921,469116;2;63,4;;YIELFIVVDHGMFmK;0,997
;;;999,53241;2;57,3;;YLYIDIALTGVEIWSNK;0,997
;;;1081,949463;2;82,3;;YFSDcSYIQcWDFIMK;0,997
;;;1081,952637;2;69,3;;YFSDcSYIQcWDFIMK;0,997
;;;1081,953491;2;75,6;;YFSDcSYIQcWDFIMK;0,997
;;;1081,954102;2;72;;YFSDcSYIQcWDFIMK;0,997
;;;1089,949463;2;64,4;;YFSDcSYIQcWDFIMK;0,997
;;;1089,950806;2;77,9;;YFSDcSYIQcWDFIMK;0,997
;;;1089,951416;2;80,6;;YFSDcSYIQcWDFIMK;0,997
;;;1089,951782;2;62,5;;YFSDcSYIQcWDFIMK;0,997
;;;1092,480103;3;40,9;;YFSDcSYIQcWDFImKENPQcILNK;0,997
;;;1092,482422;3;32;;YFSDcSYIQcWDFImKENPQcILNK;0,997
;BJAR454SVMPPII01;BJAR454SVMPPII01;543,27594;3;37,3;SVMP;MYELANIVNEIYR;0,997
;;;543,276489;3;37,1;;MYELANIVNEIYR;0,997
;;;654,241821;3;35,1;;GDDMDDYcNGISADcPR;0,997
;;;654,242554;3;32,4;;GDDMDDYcNGISADcPR;0,997
;;;767,648743;3;27,8;;IARGDDMDDYcNGISADcPR;0,997
;;;767,649658;3;43,6;;IARGDDMDDYcNGISADcPR;0,997
;;;814,410706;2;83,3;;MYELANIVNEIYR;0,997
;;;814,411011;2;88,5;;MYELANIVNEIYR;0,997
;;;980,858582;2;95,1;;GDDMDDYcNGISADcPR;0,997
;;;980,85907;2;84,4;;GDDMDDYcNGISADcPR;0,997
;;;988,855652;2;72,5;;GDDMDDYcNGISADcPR;0,997
;;;988,856445;2;68,1;;GDDMDDYcNGISADcPR;0,997
;BJAR454SVMPPII03;BJAR454SVMPPII03;571,241455;2;53,7;SVMP;AYTAGMcDPR;0,997
;;;571,242188;2;54,5;;AYTAGMcDPR;0,997
;;;588,063049;4;26;;ISHDHAQLLTAVVFDQQTIGR;0,997
;;;588,06311;4;35,3;;ISHDHAQLLTAVVFDQQTIGR;0,997
;;;783,74939;3;34,7;;ISHDHAQLLTAVVFDQQTIGR;0,997
;;;783,750244;3;32,5;;ISHDHAQLLTAVVFDQQTIGR;0,995
;BJAR454SVMPPII04;BJAR454SVMPPII04;443,250366;3;32,2;SVMP;YIELVIVADHR;0,997
;;;443,250427;3;42,8;;YIELVIVADHR;0,997
;;;443,250458;3;31,1;;YIELVIVADHR;0,997
;;;443,25061;3;48,9;;YIELVIVADHR;0,997
;;;443,250793;3;31,4;;YIELVIVADHR;0,997
;;;636,251587;3;41;;GDNPDDRcTGQSGDcPR;0,997
;;;664,370728;2;66,7;;YIELVIVADHR;0,997
;;;664,371216;2;62,3;;YIELVIVADHR;0,997
;;;664,37146;2;44,8;;YIELVIVADHR;0,997
;;;664,372253;2;39,8;;YIELVIVADHR;0,997
;;;664,372803;2;63,6;;YIELVIVADHR;0,997
;BJAR454SVMPPII05;BJAR454SVMPPII05;318,178467;4;27;SVMP;RIHQMVNIMK;0,997
;;;318,178558;4;18;;RIHQMVNIMK;0,974
;;;371,868439;3;28,3;;IHQMVNIMK;0,997
;;;;;36,2;;IHQMVNIMK;0,997
;;;377,199707;3;36,3;;IHQMVNIMK;0,997
;;;377,199982;3;33,2;;IHQMVNIMK;0,997
;;;377,200256;3;25,8;;IHQMVNIMK;0,992
;;;423,902557;3;33;;RIHQMVNIMK;0,997
;;;423,902679;3;37,4;;RIHQMVNIMK;0,997
;;;429,233032;3;30,4;;RIHQMVNIMK;0,995
;;;557,298767;2;33,8;;IHQMVNIMK;0,997
;;;557,299011;2;31,3;;IHQMVNIMK;0,995
;;;614,64856;3;21,8;;YIELFLVVDHGMFmK;0,97
;;;635,349243;2;40,9;;RIHQMVNIMK;0,997
;;;635,349304;2;42,3;;RIHQMVNIMK;0,997
;;;684,293213;3;53,7;;LRPGAQcAEGLccDQcR;0,997
;;;684,29364;3;60,7;;LRPGAQcAEGLccDQcR;0,997
;;;699,542419;5;45,7;;KSHDNAQLLTSTDFNGPTIGLAYVGSMcDPKR;0,997
;;;;;49,8;;KSHDNAQLLTSTDFNGPTIGLAYVGSMcDPKR;0,997
;;;721,639099;3;27,4;;YFSDcSYIQcWDFIMK;0,997
;;;721,63916;3;34,8;;YFSDcSYIQcWDFIMK;0,997
;;;726,970154;3;45,4;;YFSDcSYIQcWDFIMK;0,997
;;;726,970337;3;54,3;;YFSDcSYIQcWDFIMK;0,997
;;;726,970825;3;51;;YFSDcSYIQcWDFIMK;0,997
;;;803,127319;4;54,7;;SHDNAQLLTSTDFNGPTIGLAYVGSMcDPK;0,997
;;;803,127747;4;14,4;;SHDNAQLLTSTDFNGPTIGLAYVGSMcDPK;0,954
;;;807,912842;4;29;;STAVIEDHSETDLLVAVTMAHELGHNLGIR;0,997
;;;807,914612;4;28,6;;STAVIEDHSETDLLVAVTMAHELGHNLGIR;0,997
;;;835,15094;4;36,9;;KSHDNAQLLTSTDFNGPTIGLAYVGSMcDPK;0,997
;;;835,151367;4;27,5;;KSHDNAQLLTSTDFNGPTIGLAYVGSMcDPK;0,997
;;;842,15094;4;25,7;;SHDNAQLLTSTDFNGPTIGLAYVGSMcDPKR;0,996
;;;842,151672;4;41,6;;SHDNAQLLTSTDFNGPTIGLAYVGSMcDPKR;0,997
;;;921,469116;2;63,4;;YIELFLVVDHGMFmK;0,997
;;;999,53241;2;57,3;;YLYIDIALTGVEIWSNK;0,997
;;;1025,936035;2;42;;LRPGAQcAEGLccDQcR;0,997
;;;1025,936646;2;55,3;;LRPGAQcAEGLccDQcR;0,997
;;;1070,500854;3;86,9;;SHDNAQLLTSTDFNGPTIGLAYVGSMcDPK;0,997
;;;1070,501831;3;72,7;;SHDNAQLLTSTDFNGPTIGLAYVGSMcDPK;0,997
;;;1081,949463;2;82,3;;YFSDcSYIQcWDFIMK;0,997
;;;1081,952637;2;69,3;;YFSDcSYIQcWDFIMK;0,997
;;;1081,953491;2;75,6;;YFSDcSYIQcWDFIMK;0,997
;;;1081,954102;2;72;;YFSDcSYIQcWDFIMK;0,997
;;;1089,949463;2;64,4;;YFSDcSYIQcWDFIMK;0,997
;;;1089,950806;2;77,9;;YFSDcSYIQcWDFIMK;0,997
;;;1089,951416;2;80,6;;YFSDcSYIQcWDFIMK;0,997
;;;1089,951782;2;62,5;;YFSDcSYIQcWDFIMK;0,997
;;;1113,198364;3;67,5;;KSHDNAQLLTSTDFNGPTIGLAYVGSMcDPK;0,997
;;;1113,198486;3;63,2;;KSHDNAQLLTSTDFNGPTIGLAYVGSMcDPK;0,997
;;;1122,534058;3;74,7;;SHDNAQLLTSTDFNGPTIGLAYVGSMcDPKR;0,997
;;;1122,534424;3;69,8;;SHDNAQLLTSTDFNGPTIGLAYVGSMcDPKR;0,997
;BJAR454SVMPPIII02;BJAR454SVMPPIII02,VM36A_BOTIN;386,20639;3;24,6;SVMP;KIPcAPEDVK;0,977
;;;401,72818;2;28,6;;GMVLPGTK;0,955
;;;508,772339;2;31,4;;NNGDLDKIK;0,992
;;;508,772522;2;36,3;;NNGDLDKIK;0,996
;;;514,757385;2;37,8;;IPcAPEDVK;0,997
;;;514,757568;2;35,4;;IPcAPEDVK;0,997
;;;526,716187;2;38,3;;GNYYGYcR;0,99
;;;526,71637;2;41,4;;GNYYGYcR;0,99
;;;578,804932;2;28,8;;KIPcAPEDVK;0,99
;;;598,934326;3;22,4;;LYcKDNSPGQNNPcK;0,995
;;;604,982727;3;42,2;;YVELFIVVDQEmVTK;0,992
;;;604,984619;3;40,7;;YVELFIVVDQEmVTK;0,997
;;;604,98468;3;33,7;;YVELFIVVDQEmVTK;0,992
;;;604,984985;3;26,2;;YVELFIVVDQEmVTK;0,961
;;;604,985046;3;30,5;;YVELFIVVDQEmVTK;0,988
;;;604,985168;3;29,4;;YVELFIVVDQEmVTK;0,989
;;;604,985291;3;27,2;;YVELFIVVDQEmVTK;0,98
;;;;;33,9;;YVELFIVVDQEmVTK;0,997
;;;604,985413;3;42,2;;YVELFIVVDQEmVTK;0,997
;;;;;42,8;;YVELFIVVDQEmVTK;0,997
;;;604,985474;3;22,2;;YVELFIVVDQEmVTK;0,954
;;;;;36,9;;YVELFIVVDQEmVTK;0,997
;;;604,985596;3;39,1;;YVELFIVVDQEmVTK;0,997
;;;;;51,6;;YVELFIVVDQEmVTK;0,997
;;;604,985779;3;41,8;;YVELFIVVDQEmVTK;0,997
;;;604,98584;3;40,8;;YVELFIVVDQEmVTK;0,997
;;;604,985901;3;24,7;;YVELFIVVDQEmVTK;0,987
;;;604,985962;3;25,3;;YVELFIVVDQEmVTK;0,989
;;;604,986084;3;23,4;;YVELFIVVDQEmVTK;0,99
;;;;;35,2;;YVELFIVVDQEmVTK;0,997
;;;;;37,7;;YVELFIVVDQEmVTK;0,997
;;;604,986145;3;20,1;;YVELFIVVDQEmVTK;0,971
;;;;;29,7;;YVELFIVVDQEmVTK;0,997
;;;604,986206;3;26,4;;YVELFIVVDQEmVTK;0,996
;;;604,986389;3;34,8;;YVELFIVVDQEmVTK;0,997
;;;604,986511;3;49,2;;YVELFIVVDQEmVTK;0,997
;;;604,986816;3;32,7;;YVELFIVVDQEmVTK;0,997
;;;;;51,4;;YVELFIVVDQEmVTK;0,997
;;;604,986877;3;40;;YVELFIVVDQEmVTK;0,997
;;;604,987;3;34,6;;YVELFIVVDQEmVTK;0,997
;;;604,987122;3;34,3;;YVELFIVVDQEmVTK;0,997
;;;604,987366;3;49;;YVELFIVVDQEmVTK;0,997
;;;604,988403;3;27,8;;YVELFIVVDQEmVTK;0,965
;;;615,760925;2;36,8;;DNSPGQNNPcK;0,995
;;;615,763733;2;31,6;;DNSPGQNNPcK;0,968
;;;667,32605;5;27,6;;KHDNAQLLTAIDFNGPTIGYAYIGSMcHPK;0,991
;;;667,328491;5;33,5;;KHDNAQLLTAIDFNGPTIGYAYIGSMcHPK;0,997
;;;692,948242;5;49,5;;KKHDNAQLLTAIDFNGPTIGYAYIGSMcHPK;0,997
;;;692,948364;5;39,6;;KKHDNAQLLTAIDFNGPTIGYAYIGSMcHPK;0,997
;;;718,699219;3;31,2;;ITVKPDVDYTLNSFAEWR;0,996
;;;718,699951;3;29,1;;ITVKPDVDYTLNSFAEWR;0,997
;;;;;29,2;;ITVKPDVDYTLNSFAEWR;0,997
;;;;;33,3;;ITVKPDVDYTLNSFAEWR;0,997
;;;718,700012;3;23,4;;ITVKPDVDYTLNSFAEWR;0,99
;;;718,700073;3;22,1;;ITVKPDVDYTLNSFAEWR;0,989
;;;718,701233;3;29;;ITVKPDVDYTLNSFAEWR;0,991
;;;727,36499;3;28,2;;YLYMHAALVGLEIWSNGDK;0,99
;;;727,365234;3;43,9;;YLYMHAALVGLEIWSNGDK;0,997
;;;727,365417;3;36,3;;YLYMHAALVGLEIWSNGDK;0,997
;;;735,043457;4;36,5;;ASMSEcDPAEHcTGQSSEcPADVFHK;0,997
;;;735,043884;4;28,2;;ASMSEcDPAEHcTGQSSEcPADVFHK;0,997
;;;739,04303;4;38,3;;ASMSEcDPAEHcTGQSSEcPADVFHK;0,997
;;;739,043152;4;39,6;;ASMSEcDPAEHcTGQSSEcPADVFHK;0,997
;;;776,829346;2;47,2;;VcSNGHcVDVATAY;0,997
;;;776,829407;2;34,3;;VcSNGHcVDVATAY;0,997
;;;801,885803;4;40,2;;HDNAQLLTAIDFNGPTIGYAYIGSMcHPK;0,997
;;;801,886169;4;46,1;;HDNAQLLTAIDFNGPTIGYAYIGSMcHPK;0,997
;;;805,890442;4;33,1;;HDNAQLLTAIDFNGPTIGYAYIGSMcHPK;0,98
;;;833,909424;4;41,3;;KHDNAQLLTAIDFNGPTIGYAYIGSMcHPK;0,997
;;;833,909607;4;30,2;;KHDNAQLLTAIDFNGPTIGYAYIGSMcHPK;0,997
;;;865,933899;4;69,7;;KKHDNAQLLTAIDFNGPTIGYAYIGSMcHPK;0,997
;;;865,93396;4;51,9;;KKHDNAQLLTAIDFNGPTIGYAYIGSMcHPK;0,997
;;;897,891785;2;54,5;;LYcKDNSPGQNNPcK;0,997
;;;897,902893;2;62,9;;LYcKDNSPGQNNPcK;0,997
;;;906,969666;2;81,9;;YVELFIVVDQEmVTK;0,997
;;;906,970581;2;69,2;;YVELFIVVDQEmVTK;0,997
;;;906,971375;2;97,7;;YVELFIVVDQEmVTK;0,997
;;;906,972229;2;40,5;;YVELFIVVDQEmVTK;0,982
;;;;;71,8;;YVELFIVVDQEmVTK;0,997
;;;906,97229;2;52,8;;YVELFIVVDQEmVTK;0,997
;;;906,972595;2;69,6;;YVELFIVVDQEmVTK;0,997
;;;906,9729;2;92,6;;YVELFIVVDQEmVTK;0,997
;;;906,973083;2;64,8;;YVELFIVVDQEmVTK;0,997
;;;906,973267;2;75,8;;YVELFIVVDQEmVTK;0,997
;;;906,973328;2;68,3;;YVELFIVVDQEmVTK;0,997
;;;906,973694;2;83,6;;YVELFIVVDQEmVTK;0,997
;;;906,973816;2;58,4;;YVELFIVVDQEmVTK;0,997
;;;906,973877;2;94,5;;YVELFIVVDQEmVTK;0,997
;;;906,974243;2;86,4;;YVELFIVVDQEmVTK;0,997
;;;906,974548;2;95,7;;YVELFIVVDQEmVTK;0,997
;;;;;97,5;;YVELFIVVDQEmVTK;0,997
;;;906,97467;2;86,4;;YVELFIVVDQEmVTK;0,997
;;;906,974731;2;63,9;;YVELFIVVDQEmVTK;0,997
;;;906,974915;2;69,4;;YVELFIVVDQEmVTK;0,997
;;;906,974976;2;70,9;;YVELFIVVDQEmVTK;0,997
;;;;;73,6;;YVELFIVVDQEmVTK;0,997
;;;906,975037;2;71;;YVELFIVVDQEmVTK;0,997
;;;906,97522;2;77,5;;YVELFIVVDQEmVTK;0,997
;;;;;77,7;;YVELFIVVDQEmVTK;0,997
;;;906,975647;2;88,3;;YVELFIVVDQEmVTK;0,997
;;;906,975708;2;70,5;;YVELFIVVDQEmVTK;0,997
;;;906,976013;2;78,6;;YVELFIVVDQEmVTK;0,997
;;;;;84,2;;YVELFIVVDQEmVTK;0,997
;;;906,976196;2;66,7;;YVELFIVVDQEmVTK;0,997
;;;;;87,9;;YVELFIVVDQEmVTK;0,997
;;;906,976257;2;75,1;;YVELFIVVDQEmVTK;0,997
;;;906,97644;2;72,2;;YVELFIVVDQEmVTK;0,997
;;;906,976501;2;93,1;;YVELFIVVDQEmVTK;0,997
;;;906,977295;2;71,7;;YVELFIVVDQEmVTK;0,997
;;;906,977356;2;78;;YVELFIVVDQEmVTK;0,997
;;;906,977905;2;79,9;;YVELFIVVDQEmVTK;0,997
;;;906,979187;2;73;;YVELFIVVDQEmVTK;0,997
;;;906,97937;2;88,6;;YVELFIVVDQEmVTK;0,997
;;;906,979431;2;41,4;;YVELFIVVDQEmVTK;0,992
;;;906,980469;2;83,7;;YVELFIVVDQEmVTK;0,997
;;;906,980652;2;86,5;;YVELFIVVDQEmVTK;0,997
;;;914,972351;2;82,2;;YVELFIVVDQEmVTK;0,997
;;;914,973328;2;73;;YVELFIVVDQEmVTK;0,997
;;;979,722046;3;54,7;;ASMSEcDPAEHcTGQSSEcPADVFHK;0,997
;;;979,722534;3;64;;ASMSEcDPAEHcTGQSSEcPADVFHK;0,997
;;;985,053528;3;63,5;;ASMSEcDPAEHcTGQSSEcPADVFHK;0,997
;;;985,054749;3;86,3;;ASMSEcDPAEHcTGQSSEcPADVFHK;0,997
;;;1068,844482;3;91,1;;HDNAQLLTAIDFNGPTIGYAYIGSMcHPK;0,997
;;;1068,845581;3;95,6;;HDNAQLLTAIDFNGPTIGYAYIGSMcHPK;0,997
;;;1077,546387;2;90,9;;ITVKPDVDYTLNSFAEWR;0,997
;;;1077,546509;2;87,2;;ITVKPDVDYTLNSFAEWR;0,997
;;;1154,241943;3;60,9;;KKHDNAQLLTAIDFNGPTIGYAYIGSMcHPK;0,997
;BJAR454SVMPPIII03;BJAR454SVMPPIII03;401,72818;2;28,6;SVMP;GMVLPGTK;0,955
;;;480,943207;3;40,6;;LVIVADYIMYLK;0,997
;;;480,943573;3;38,6;;LVIVADYIMYLK;0,997
;;;598,725525;2;44,2;;NPccDAATcK;0,994
;;;598,727295;2;38;;NPccDAATcK;0,997
;;;607,900024;3;73,2;;HGAQcAEGLccDQcR;0,997
;;;607,900146;3;64;;HGAQcAEGLccDQcR;0,997
;;;627,294189;2;44,3;;LYcVDSSPANK;0,997
;;;627,294739;2;55,1;;LYcVDSSPANK;0,997
;;;673,536255;4;27,4;;FKGAGTEcQAAKDEcDMADLcTGR;0,997
;;;673,537598;4;31,2;;FKGAGTEcQAAKDEcDMADLcTGR;0,997
;;;677,535706;4;40,2;;FKGAGTEcQAAKDEcDMADLcTGR;0,997
;;;677,535889;4;53,7;;FKGAGTEcQAAKDEcDMADLcTGR;0,997
;;;682,70575;3;49,4;;IIVQSTPSVTLDLFGNWR;0,997
;;;682,706604;3;55,5;;IIVQSTPSVTLDLFGNWR;0,997
;;;720,908936;2;57,3;;LVIVADYIMYLK;0,997
;;;720,910095;2;48;;LVIVADYIMYLK;0,997
;;;720,910339;2;60,1;;LVIVADYIMYLK;0,997
;;;720,9104;2;52,5;;LVIVADYIMYLK;0,997
;;;720,910645;2;54,4;;LVIVADYIMYLK;0,997
;;;720,910767;2;58,6;;LVIVADYIMYLK;0,997
;;;720,910828;2;75,2;;LVIVADYIMYLK;0,997
;;;720,91095;2;64,7;;LVIVADYIMYLK;0,997
;;;720,911377;2;58,3;;LVIVADYIMYLK;0,997
;;;;;61,4;;LVIVADYIMYLK;0,997
;;;;;78,8;;LVIVADYIMYLK;0,997
;;;720,911499;2;68,2;;LVIVADYIMYLK;0,997
;;;;;72,4;;LVIVADYIMYLK;0,997
;;;720,911621;2;69,2;;LVIVADYIMYLK;0,997
;;;;;70,9;;LVIVADYIMYLK;0,997
;;;720,911743;2;49,1;;LVIVADYIMYLK;0,997
;;;;;56,1;;LVIVADYIMYLK;0,997
;;;;;60,1;;LVIVADYIMYLK;0,997
;;;;;65,2;;LVIVADYIMYLK;0,997
;;;720,911804;2;61;;LVIVADYIMYLK;0,997
;;;;;67,2;;LVIVADYIMYLK;0,997
;;;720,911865;2;60,9;;LVIVADYIMYLK;0,997
;;;720,911987;2;72,4;;LVIVADYIMYLK;0,997
;;;720,912048;2;58,6;;LVIVADYIMYLK;0,997
;;;;;72,9;;LVIVADYIMYLK;0,997
;;;720,91217;2;71;;LVIVADYIMYLK;0,997
;;;;;71,2;;LVIVADYIMYLK;0,997
;;;;;71,3;;LVIVADYIMYLK;0,997
;;;720,912231;2;69,7;;LVIVADYIMYLK;0,997
;;;;;84,6;;LVIVADYIMYLK;0,997
;;;720,912415;2;67,2;;LVIVADYIMYLK;0,997
;;;720,912598;2;70,5;;LVIVADYIMYLK;0,997
;;;720,912659;2;60,3;;LVIVADYIMYLK;0,997
;;;720,912842;2;73,8;;LVIVADYIMYLK;0,997
;;;;;84,1;;LVIVADYIMYLK;0,997
;;;720,912964;2;52,2;;LVIVADYIMYLK;0,997
;;;720,913025;2;59,2;;LVIVADYIMYLK;0,997
;;;720,91333;2;68,5;;LVIVADYIMYLK;0,997
;;;;;75,7;;LVIVADYIMYLK;0,997
;;;720,913391;2;55,6;;LVIVADYIMYLK;0,997
;;;720,913452;2;60,5;;LVIVADYIMYLK;0,997
;;;720,913513;2;44,5;;LVIVADYIMYLK;0,997
;;;720,914368;2;64,9;;LVIVADYIMYLK;0,997
;;;720,914673;2;58,4;;LVIVADYIMYLK;0,997
;;;721,77063;2;54,7;;DEcDmADLcTGR;0,997
;;;721,770935;2;53,6;;DEcDmADLcTGR;0,997
;;;725,403503;3;16,8;;IIVQSTPSVTLDLFGNWRK;0,97
;;;725,403931;3;17,4;;IIVQSTPSVTLDLFGNWRK;0,956
;;;728,908508;2;69,9;;LVIVADYIMYLK;0,997
;;;728,909668;2;51,1;;LVIVADYIMYLK;0,997
;;;811,32373;3;58,2;;GAGTEcQAAKDEcDMADLcTGR;0,997
;;;811,324341;3;57,7;;GAGTEcQAAKDEcDMADLcTGR;0,997
;;;833,722168;3;42,8;;NPcNIYYSPTDEDKGMVLPGTK;0,997
;;;833,723083;3;34,8;;NPcNIYYSPTDEDKGMVLPGTK;0,997
;;;866,235229;5;29,6;;SHDNAQLLTGINFNGPTAGLAYLGGIcNLLYSAGIVQDHNK;0,996
;;;891,856384;5;25,6;;KSHDNAQLLTGINFNGPTAGLAYLGGIcNLLYSAGIVQDHNK;0,99
;;;897,713379;3;51,5;;FKGAGTEcQAAKDEcDMADLcTGR;0,997
;;;897,714294;3;45,2;;FKGAGTEcQAAKDEcDMADLcTGR;0,997
;;;903,045349;3;52,3;;FKGAGTEcQAAKDEcDMADLcTGR;0,997
;;;911,346252;2;98,1;;HGAQcAEGLccDQcR;0,997
;;;911,346497;2;95,4;;HGAQcAEGLccDQcR;0,997
;;;934,183228;4;35;;LYcVDSSPANKNPcNIYYSPTDEDKGMVLPGTK;0,997
;;;934,189209;4;30,4;;LYcVDSSPANKNPcNIYYSPTDEDKGMVLPGTK;0,984
;;;1023,55011;2;69,6;;IIVQSTPSVTLDLFGNWR;0,997
;;;1023,554443;2;77,2;;IIVQSTPSVTLDLFGNWR;0,997
;;;1023,554993;2;85;;IIVQSTPSVTLDLFGNWR;0,997
;;;1082,542114;4;58;;SHDNAQLLTGINFNGPTAGLAYLGGIcNLLYSAGIVQDHNK;0,997
;;;1082,544189;4;88,4;;SHDNAQLLTGINFNGPTAGLAYLGGIcNLLYSAGIVQDHNK;0,997
;;;1114,562744;4;35,4;;KSHDNAQLLTGINFNGPTAGLAYLGGIcNLLYSAGIVQDHNK;0,997
;;;1114,562988;4;48,6;;KSHDNAQLLTGINFNGPTAGLAYLGGIcNLLYSAGIVQDHNK;0,997
;BJAR454SVMPPIII05;BJAR454SVMPPIII05;522,757263;2;57;SVMP;NNGNLDEIR;0,997
;;;522,757385;2;55,1;;NNGNLDEIR;0,997
;;;881,684387;3;50,7;;SEcDIAEScTGQSAQcPTDDFHK;0,997
;BJAR454SVMPPIII07;BJAR454SVMPPIII07;522,757263;2;57;SVMP;NNGNLDEIR;0,997
;;;522,757385;2;55,1;;NNGNLDEIR;0,997
;;;557,30072;3;57,2;;IYEIVNFLNEIFR;0,997
;;;557,302551;3;56,5;;IYEIVNFLNEIFR;0,997
;;;633,682617;3;34,8;;TKIYEIVNFLNEIFR;0,997
;;;633,684204;3;38,3;;TKIYEIVNFLNEIFR;0,997
;;;670,364685;2;56,1;;YVELVIVADYR;0,997
;;;670,364746;2;57;;YVELVIVADYR;0,997
;;;670,365601;2;58,5;;YVELVIVADYR;0,997
;;;670,366028;2;63,7;;YVELVIVADYR;0,997
;;;670,366394;2;59,7;;YVELVIVADYR;0,997
;;;670,366638;2;59,4;;YVELVIVADYR;0,997
;;;670,366699;2;63,3;;YVELVIVADYR;0,997
;;;670,36676;2;64,8;;YVELVIVADYR;0,997
;;;670,367249;2;63,7;;YVELVIVADYR;0,997
;;;685,892212;2;46,8;;IALVGIEIWSNR;0,997
;;;685,892456;2;58,3;;IALVGIEIWSNR;0,997
;;;835,450134;2;85,9;;IYEIVNFLNEIFR;0,997
;;;835,451599;2;68,1;;IYEIVNFLNEIFR;0,997
;;;950,025574;2;72,6;;TKIYEIVNFLNEIFR;0,997
;BJAR454SVMPPIII08;BJAR454SVMPPIII08;545,974304;3;51,9;SVMP;IYEIVNILNEIFR;0,997
;;;545,974854;3;37,8;;IYEIVNILNEIFR;0,997
;;;622,355164;3;36,3;;TKIYEIVNILNEIFR;0,997
;;;622,355652;3;26,5;;TKIYEIVNILNEIFR;0,997
;;;818,460388;2;77,1;;IYEIVNILNEIFR;0,997
;;;818,461426;2;74,3;;IYEIVNILNEIFR;0,997
;BJAR454SVMPPIII09;BJAR454SVMPPIII09;354,197693;3;19,5;SVMP;WRETDLLK;0,966
;;;363,683655;4;20,2;;YEDDLDEIKRR;0,984
;;;386,20639;3;24,6;;KIPcAPEDVK;0,977
;;;406,231018;3;21,3;;WRETDLLKR;0,965
;;;432,541626;3;23,9;;YEDDLDEIKR;0,991
;;;464,499939;4;32,2;;KYAPIDHDIGMVLPGTK;0,997
;;;464,500031;4;20,5;;KYAPIDHDIGMVLPGTK;0,987
;;;475,239807;3;24,9;;KYEDDLDEIKR;0,987
;;;475,239838;3;41,9;;KYEDDLDEIKR;0,997
;;;484,575256;3;24,6;;YEDDLDEIKRR;0,986
;;;498,205505;2;25,6;;GGYYGYcR;0,987
;;;498,206299;2;27,5;;GGYYGYcR;0,969
;;;514,757385;2;37,8;;IPcAPEDVK;0,997
;;;514,757568;2;35,4;;IPcAPEDVK;0,997
;;;576,298767;3;31,5;;YAPIDHDIGmVLPGTK;0,997
;;;578,804932;2;28,8;;KIPcAPEDVK;0,99
;;;590,788696;2;28,2;;LYcFLYSSK;0,986
;;;590,788818;2;28,8;;LYcFLYSSK;0,989
;;;590,963623;3;18,2;;YVEFVVVLDHEMYK;0,961
;;;618,99707;3;42,5;;KYAPIDHDIGMVLPGTK;0,997
;;;618,997375;3;46,3;;KYAPIDHDIGMVLPGTK;0,997
;;;633,662109;3;31,8;;KYVEFVVVLDHEMYK;0,997
;;;666,602051;3;66,9;;LTPGSQcADGLccDQcR;0,997
;;;666,602234;3;46,5;;LTPGSQcADGLccDQcR;0,997
;;;868,354187;2;62,1;;VcNSNGYcVDVNTAY;0,997
;;;868,354248;2;63,8;;VcNSNGYcVDVNTAY;0,997
;;;999,399353;2;76,2;;LTPGSQcADGLccDQcR;0,997
;;;999,399841;2;69,7;;LTPGSQcADGLccDQcR;0,997
;;;1003,06842;3;75,2;;AAKDDcDLPEScTGQSGFcPMDDFQR;0,997
;;;1003,069519;3;52,7;;AAKDDcDLPEScTGQSGFcPMDDFQR;0,997
;;;1008,401062;3;77,4;;AAKDDcDLPEScTGQSGFcPMDDFQR;0,997
;;;1008,401306;3;87,5;;AAKDDcDLPEScTGQSGFcPMDDFQR;0,997
;;;1085,195923;4;61,1;;DIISPPVcGNELLEVGEEcDcGPPANcQNQccDAATcK;0,997
;BJAR454SVMPPIII10;BJAR454SVMPPIII10;522,757263;2;57;SVMP;NNGNLDEIR;0,997
;;;522,757385;2;55,1;;NNGNLDEIR;0,997
;;;543,6073;3;36,2;;KGNGVNIPcAQEDVK;0,997
;;;543,607361;3;33,3;;KGNGVNIPcAQEDVK;0,997
;;;582,727966;4;19,4;;LFcHNmKYEcDcNYSDR;0,979
;;;595,655701;3;60;;ISHDNAQLLTAIVFDK;0,997
;;;595,655762;3;53,3;;ISHDNAQLLTAIVFDK;0,997
;;;607,235535;2;55,2;;DLccDAATcK;0,997
;;;607,236206;2;49,2;;DLccDAATcK;0,997
;;;612,242798;2;36,7;;NGDEYFYcR;0,997
;;;;;38,9;;NGDEYFYcR;0,997
;;;670,364685;2;56,1;;YVELVIVADYR;0,997
;;;670,364746;2;57;;YVELVIVADYR;0,997
;;;670,365601;2;58,5;;YVELVIVADYR;0,997
;;;670,366028;2;63,7;;YVELVIVADYR;0,997
;;;670,366394;2;59,7;;YVELVIVADYR;0,997
;;;670,366638;2;59,4;;YVELVIVADYR;0,997
;;;670,366699;2;63,3;;YVELVIVADYR;0,997
;;;670,36676;2;64,8;;YVELVIVADYR;0,997
;;;670,367249;2;63,7;;YVELVIVADYR;0,997
;;;670,904602;2;35,6;;IALVGLVIWSNR;0,992
;;;670,905945;2;43,3;;IALVGLVIWSNR;0,997
;;;670,906006;2;47,4;;IALVGLVIWSNR;0,997
;;;670,906067;2;44,8;;IALVGLVIWSNR;0,997
;;;691,242432;2;46,2;;YEcDcNYSDR;0,997
;;;691,24353;2;41,5;;YEcDcNYSDR;0,997
;;;750,859009;2;58,8;;GNGVNIPcAQEDVK;0,997
;;;750,859436;2;58,2;;GNGVNIPcAQEDVK;0,997
;;;814,90625;2;44,3;;KGNGVNIPcAQEDVK;0,997
;;;814,906494;2;46,3;;KGNGVNIPcAQEDVK;0,997
;;;892,979248;2;101;;ISHDNAQLLTAIVFDK;0,997
;;;892,979431;2;101;;ISHDNAQLLTAIVFDK;0,997
;;;1042,997559;2;105;;DLSNVTSASGDTLASFGTWR;0,997
;;;1042,998779;2;89,7;;DLSNVTSASGDTLASFGTWR;0,997
;BJAR454SVMPPIII11;BJAR454SVMPPIII11;522,220825;2;34,4;SVMP;EcVDVSTAY;0,997
;;;522,22113;2;34,8;;EcVDVSTAY;0,997
;;;656,367371;3;47,3;;YLIDNRPPcILNIPLR;0,997
;;;656,367981;3;48,2;;YLIDNRPPcILNIPLR;0,997
;;;687,832214;2;85,3;;NDPDIGMVDLGTK;0,997
;;;687,832397;2;83,9;;NDPDIGMVDLGTK;0,997
;;;737,947998;3;46;;LHSWVEcESGEccDQcR;0,997
;;;737,948181;3;59,7;;LHSWVEcESGEccDQcR;0,997
;;;782,051025;3;63,4;;LFcVQRPIGNTFLcESTSSK;0,997
;;;782,052002;3;74,7;;LFcVQRPIGNTFLcESTSSK;0,997
;;;923,647583;4;18,8;;NGQPcLNNQGYcYNGNcPILDHQcHNLFGAR;0,973
;;;923,648438;4;24;;NGQPcLNNQGYcYNGNcPILDHQcHNLFGAR;0,995
;;;925,700195;4;41,2;;LFcVQRPIGNTFLcESTSSKNDPDIGMVDLGTK;0,997
;;;925,700684;4;53,4;;LFcVQRPIGNTFLcESTSSKNDPDIGMVDLGTK;0,997
;;;929,701233;4;75,6;;LFcVQRPIGNTFLcESTSSKNDPDIGMVDLGTK;0,997
;;;984,047424;2;27;;YLIDNRPPcILNIPLR;0,979
;;;1106,417725;2;93;;LHSWVEcESGEccDQcR;0,997
;;;1106,419922;2;87,6;;LHSWVEcESGEccDQcR;0,997
;;;1172,57251;2;52,5;;LFcVQRPIGNTFLcESTSSK;0,997
;;;1233,933472;3;41,8;;LFcVQRPIGNTFLcESTSSKNDPDIGMVDLGTK;0,997
;BJAR454SVMPPIII13;BJAR454SVMPPIII13;415,224365;3;37,4;SVMP;KQNGVTIPcAR;0,997
;;;415,224396;3;33,8;;KQNGVTIPcAR;0,997
;;;522,220825;2;34,4;;EcVDVSTAY;0,997
;;;522,22113;2;34,8;;EcVDVSTAY;0,997
;;;622,332092;2;46,1;;KQNGVTIPcAR;0,997
;;;622,332703;2;31,3;;KQNGVTIPcAR;0,987
;;;656,367371;3;47,3;;YLIDNRPPcILNIPLR;0,997
;;;656,367981;3;48,2;;YLIDNRPPcILNIPLR;0,997
;;;803,448853;2;75,9;;YIELVIVADNVMVK;0,997
;;;803,449402;2;83,2;;YIELVIVADNVMVK;0,997
;;;897,365356;2;52;;LIPGAQcEDGEccER;0,997
;;;897,365662;2;68;;LIPGAQcEDGEccER;0,997
;;;984,047424;2;27;;YLIDNRPPcILNIPLR;0,979
;BJAR454SVSP_AB004067;BJAR454SVSP_AB004067,VSP2_BOTJA;397,217712;3;22,7;SVSP;WDKDIMLIR;0,963
;;;397,217926;3;25,6;;WDKDIMLIR;0,991
;;;559,308105;2;44,2;;TLcAGILQGGK;0,949
;;;590,803589;2;38,9;;IMGWGTISTSK;0,99
;BJAR454SVSP01;BJAR454SVSP01,VSP14_BOTJA;412,219666;4;27,6;SVSP;KNDDALDKDLMLVR;0,997
;;;412,219788;4;30,8;;KNDDALDKDLMLVR;0,997
;;;506,592255;3;41,7;;NDDALDKDLmLVR;0,997
;;;511,923065;3;43;;NDDALDKDLmLVR;0,997
;;;511,923889;3;35,3;;NDDALDKDLmLVR;0,997
;;;549,290771;3;18,2;;KNDDALDKDLMLVR;0,953
;;;;;25,1;;KNDDALDKDLMLVR;0,995
;;;552,766113;2;37,3;;TLNQDEQTR;0,983
;;;640,318542;2;28;;AAYPELPAEYR;0,954
;;;765,359375;3;51,6;;TNPDVPHcANINLLDDAVcR;0,997
;;;765,359558;3;45,2;;TNPDVPHcANINLLDDAVcR;0,997
;;;767,382813;2;32,5;;NDDALDKDLmLVR;0,99
;;;798,054382;3;54,1;;VIDYNTWIESVIAGNTAATcPP;0,997
;;;798,054871;3;64;;VIDYNTWIESVIAGNTAATcPP;0,997
;;;1147,5354;2;60,3;;TNPDVPHcANINLLDDAVcR;0,997
;;;1196,577881;2;70;;VIDYNTWIESVIAGNTAATcPP;0,997
;;;1196,57959;2;71,9;;VIDYNTWIESVIAGNTAATcPP;0,997
;BJAR454SVSP03;BJAR454SVSP03;497,260742;3;37,6;SVSP;NDEKDKDIMLIR;0,997
;;;497,260773;3;31,7;;NDEKDKDIMLIR;0,997
;;;568,77533;2;49,5;;TLcAGImEGGK;0,997
;;;568,775452;2;50,9;;TLcAGImEGGK;0,997
;;;574,791687;2;50,5;;VmGWGSISSPK;0,997
;;;574,791992;2;49,5;;VmGWGSISSPK;0,997
;;;576,77301;2;51,8;;TLcAGImEGGK;0,997
;;;576,773865;2;49,3;;TLcAGImEGGK;0,997
;;;745,387939;2;45,6;;NDEKDKDIMLIR;0,997
;;;825,731079;3;35,2;;VTLPGVPHcADINIFDYEVcR;0,997
;;;;;45,7;;VTLPGVPHcADINIFDYEVcR;0,997
;;;1054,765381;5;19,4;;SLALVYITSGFLcAGTLINQEWVLTAAHcDRGNIVIFLGVHSLKGLNK;0,958
;;;1215,143677;4;18,2;;SLALVYITSGFLcAGTLINQEWVLTAAHcDRGNIVIFLGVHSLK;0,968
;BJAR454SVSP04;BJAR454SVSP04;397,217712;3;22,7;SVSP;WDKDIMLIR;0,963
;;;397,217926;3;25,6;;WDKDIMLIR;0,991
;;;535,305481;2;32,9;;FLVALYTSR;0,997
;;;535,305542;2;51,8;;FLVALYTSR;0,997
;;;561,636047;3;32;;TYTKWDKDIMLIR;0,997
;;;584,785339;2;67,1;;VSDYTEWIR;0,997
;;;584,785767;2;63,8;;VSDYTEWIR;0,997
;;;595,815735;2;65,4;;IMGWGTISPTK;0,997
;;;595,81842;2;51,4;;IMGWGTISPTK;0,997
;;;648,311646;4;26,6;;FHcGGTLINQEWVLTAANcDRK;0,995
;;;672,826416;2;67;;SIIAGNTDVTcPP;0,997
;;;672,826904;2;83,6;;SIIAGNTDVTcPP;0,997
;;;821,382935;3;39,7;;FHcGGTLINQEWVLTAANcDR;0,997
;;;821,383545;3;39;;FHcGGTLINQEWVLTAANcDR;0,997
;;;845,397766;3;42,2;;VSYPDVPHcANINLLDYEVcR;0,997
;;;845,397827;3;37,5;;VSYPDVPHcANINLLDYEVcR;0,997
;;;1108,27124;4;50,7;;TLcAGILEGGKDTcGGDSGGPLIcNGQFQGILSWGVHPcGQR;0,997
;BJAR454SVSP06;BJAR454SVSP06,VSP_BOTIN;559,2771;2;48,7;SVSP;SVANDDEVIR;0,997
;;;622,005493;3;27,1;;VFDYLPWIQSIIAGNK;0,991
;BJAR454SVSP08;BJAR454SVSP08;404,21698;3;35,9;SVSP;INILDHAVcR;0,997
;;;404,217133;3;37,8;;INILDHAVcR;0,997
;;;424,872955;3;22,6;;VSYPDVPHcAK;0,992
;;;424,872986;3;44,3;;VSYPDVPHcAK;0,997
;;;471,253326;3;35,6;;LPSRPPSVGSVcR;0,997
;;;471,253937;3;57,6;;LPSRPPSVGSVcR;0,997
;;;605,821594;2;57,3;;INILDHAVcR;0,997
;;;605,821716;2;60,8;;INILDHAVcR;0,997
;;;636,805359;2;51,1;;VSYPDVPHcAK;0,997
;;;636,805603;2;34,3;;VSYPDVPHcAK;0,997
;;;708,831848;2;48,2;;EWVLTAAHcDSK;0,997
;;;708,832275;2;50,4;;EWVLTAAHcDSK;0,997
;;;1175,091553;2;55,4;;AAYPWWPATSTTLcAGILQGGK;0,997
;C-type lectin BpLec OS=Bothrops pauloensis PE=1 SV=2;LECG_BOTPA;520,735901;2;29,6;CTL;NAFLcQcK;0,99
;;;;;32,2;;NAFLcQcK;0,99
;;;594,270325;2;31,4;;NAFLcQcKF;0,997
;;;;;37,9;;NAFLcQcKF;0,997
;;;670,626587;3;26;;NNcPQDWLPMNGLcYK;0,997
;;;1005,435669;2;51,7;;NNcPQDWLPMNGLcYK;0,997
;;;1005,435791;2;61,4;;NNcPQDWLPMNGLcYK;0,997
;Cysteine-rich seceretory protein Da-CRPb (Fragment) OS=Deinagkistrodon acutus PE=2 SV=1;F2Q6G1_DEIAC;477,009949;4;40,9;OT;KPEIQNEIVDLHNSLR;0,997
;;;477,01001;4;48,1;;KPEIQNEIVDLHNSLR;0,997
;;;569,753906;2;56,3;;SVDFDSESPR;0,997
;;;569,754333;2;55,4;;SVDFDSESPR;0,997
;;;581,299744;2;58,4;;SVNPTASNMLK;0,997
;;;581,30011;2;52,3;;SVNPTASNMLK;0,997
;;;635,677307;3;58,7;;KPEIQNEIVDLHNSLR;0,997
;;;635,67749;3;60,1;;KPEIQNEIVDLHNSLR;0,997
;;;769,340393;2;67,8;;MEWYPEAAANAER;0,997
;;;769,340637;2;69,3;;MEWYPEAAANAER;0,997
;;;777,337219;2;48,3;;MEWYPEAAANAER;0,997
;Glutaminyl-peptide cyclotransferase OS=Bothrops jararaca GN=QPCT PE=2 SV=1;QPCT_BOTJA;374,521942;3;22,2;OT;MASTPHPPGAR;0,979
;;;721,867798;2;52,1;;LIFFDGEEAFVR;0,997
;;;721,869019;2;59,8;;LIFFDGEEAFVR;0,997
;;;759,929199;2;58,1;;TFSNIISTLNPLAK;0,997
;;;759,930969;2;44,1;;TFSNIISTLNPLAK;0,997
;L-amino-acid oxidase (Fragment) OS=Bothrops leucurus PE=1 SV=1;OXLA_BOTLC;496,235718;3;23;LAAO;ETDYEEFLEIAK;0,979
;;;496,236389;3;41,7;;ETDYEEFLEIAK;0,997
;;;507,895996;3;18;;ADDRNPLEEcFR;0,961
;;;507,89624;3;25,8;;ADDRNPLEEcFR;0,997
;;;507,896271;3;29,8;;ADDRNPLEEcFR;0,997
;;;507,896332;3;47,6;;ADDRNPLEEcFR;0,997
;;;743,851135;2;52;;ETDYEEFLEIAK;0,997
;;;743,851196;2;67,3;;ETDYEEFLEIAK;0,997
;;;748,092773;4;45,7;;ADDRNPLEEcFRETDYEEFLEIAK;0,997
;;;748,093079;4;33,5;;ADDRNPLEEcFRETDYEEFLEIAK;0,997
;;;761,340576;2;35,3;;ADDRNPLEEcFR;0,997
;;;761,341309;2;27;;ADDRNPLEEcFR;0,985
;;;997,119568;3;22,4;;ADDRNPLEEcFRETDYEEFLEIAK;0,952
;;;997,121643;3;30,6;;ADDRNPLEEcFRETDYEEFLEIAK;0,997
;L-amino-acid oxidase (Fragment) OS=Bothrops moojeni PE=1 SV=1;OXLA_BOTMO;324,203705;4;18;LAAO;IKFEPPLPPKK;0,987
;;;337,528534;3;22,3;;IFLTcTKK;0,972
;;;347,920135;4;26,8;;KFWEDDGIHGGK;0,997
;;;347,920197;4;31,9;;KFWEDDGIHGGK;0,997
;;;389,237457;3;29,3;;IKFEPPLPPK;0,997
;;;389,237488;3;30,1;;IKFEPPLPPK;0,997
;;;389,237549;3;22,1;;IKFEPPLPPK;0,996
;;;389,23761;3;26,1;;IKFEPPLPPK;0,997
;;;389,237946;3;34,6;;IKFEPPLPPK;0,997
;;;389,238068;3;28,5;;IKFEPPLPPK;0,996
;;;420,859467;3;27,8;;FWEDDGIHGGK;0,996
;;;420,85965;3;29,6;;FWEDDGIHGGK;0,997
;;;422,876465;3;28;;RFDEIVGGMDK;0,997
;;;431,878448;3;29,7;;HDDIFAYEKR;0,996
;;;431,878845;3;51,7;;HDDIFAYEKR;0,997
;;;431,935547;3;16,8;;IKFEPPLPPKK;0,97
;;;451,561462;3;36;;SAGQLYEESLQK;0,997
;;;462,763031;2;21,9;;FEPPLPPK;0,952
;;;462,763428;2;33;;FEPPLPPK;0,99
;;;463,557861;3;29,8;;KFWEDDGIHGGK;0,997
;;;463,558044;3;40;;KFWEDDGIHGGK;0,997
;;;496,235718;3;23;;ETDYEEFLEIAK;0,979
;;;496,236389;3;41,7;;ETDYEEFLEIAK;0,997
;;;505,78894;2;31,1;;IFLTcTKK;0,99
;;;509,760223;2;47;;NGLSTTSNPK;0,997
;;;509,761139;2;35,3;;NGLSTTSNPK;0,992
;;;555,59906;3;36,5;;NEKEGWYANLGPMR;0,997
;;;555,599915;3;36,9;;NEKEGWYANLGPMR;0,997
;;;555,760437;2;64;;FDEIVGGMDK;0,997
;;;555,760559;2;64;;FDEIVGGMDK;0,997
;;;569,264404;2;56,3;;HDDIFAYEK;0,997
;;;569,264465;2;59;;HDDIFAYEK;0,997
;;;577,627014;3;37;;EEIQAIcRPSMIQR;0,997
;;;577,627136;3;18,8;;EEIQAIcRPSMIQR;0,956
;;;582,958984;3;18,6;;EEIQAIcRPSMIQR;0,973
;;;582,959106;3;41,1;;EEIQAIcRPSMIQR;0,997
;;;583,352295;2;25,9;;IKFEPPLPPK;0,983
;;;583,352417;2;30,1;;IKFEPPLPPK;0,996
;;;583,352539;2;29,3;;IKFEPPLPPK;0,995
;;;583,352844;2;28,4;;IKFEPPLPPK;0,99
;;;585,815979;4;28,8;;VGEVNKDPGVLEYPVKPSEVGK;0,997
;;;585,816528;4;30,3;;VGEVNKDPGVLEYPVKPSEVGK;0,997
;;;587,630371;3;43;;EGWYANLGPMRLPEK;0,997
;;;592,962402;3;37,6;;EGWYANLGPMRLPEK;0,997
;;;592,962891;3;33,5;;EGWYANLGPMRLPEK;0,997
;;;624,841431;4;24,4;;RVGEVNKDPGVLEYPVKPSEVGK;0,997
;;;624,841675;4;23,3;;RVGEVNKDPGVLEYPVKPSEVGK;0,997
;;;630,785156;2;56,9;;FWEDDGIHGGK;0,997
;;;630,785583;2;60,2;;FWEDDGIHGGK;0,997
;;;633,810303;2;52,3;;RFDEIVGGMDK;0,997
;;;633,810608;2;57,5;;RFDEIVGGMDK;0,997
;;;642,818909;2;59,3;;EVTVTYQTSEK;0,997
;;;642,819397;2;51,2;;EVTVTYQTSEK;0,997
;;;647,305176;2;43,5;;EGWYANLGPMR;0,997
;;;647,305969;2;44,7;;EGWYANLGPMR;0,997
;;;655,302551;2;35,4;;EGWYANLGPMR;0,995
;;;655,302795;2;32;;EGWYANLGPMR;0,992
;;;664,832825;4;53,9;;RFDEIVGGMDKLPTSMYQAIQEK;0,997
;;;664,832886;4;47,5;;RFDEIVGGMDKLPTSMYQAIQEK;0,997
;;;668,832764;4;30,3;;RFDEIVGGMDKLPTSMYQAIQEK;0,997
;;;676,837891;2;59,3;;SAGQLYEESLQK;0,997
;;;676,83844;2;63;;SAGQLYEESLQK;0,997
;;;694,832275;2;48,2;;KFWEDDGIHGGK;0,997
;;;694,832764;2;51,7;;KFWEDDGIHGGK;0,997
;;;704,860474;2;63,9;;LPTSMYQAIQEK;0,997
;;;704,86084;2;89,5;;LPTSMYQAIQEK;0,997
;;;711,357666;3;43,3;;NEKEGWYANLGPMRLPEK;0,997
;;;743,851135;2;52;;ETDYEEFLEIAK;0,997
;;;743,851196;2;67,3;;ETDYEEFLEIAK;0,997
;;;757,705811;3;28,6;;IYFAGEYTAQAHGWIDSTIK;0,988
;;;;;29,5;;IYFAGEYTAQAHGWIDSTIK;0,991
;;;757,706177;3;36,5;;IYFAGEYTAQAHGWIDSTIK;0,997
;;;757,706543;3;27;;IYFAGEYTAQAHGWIDSTIK;0,994
;;;757,707092;3;25,7;;IYFAGEYTAQAHGWIDSTIK;0,996
;;;757,707458;3;20,5;;IYFAGEYTAQAHGWIDSTIK;0,983
;;;780,752808;3;52;;VGEVNKDPGVLEYPVKPSEVGK;0,997
;;;780,752869;3;48,2;;VGEVNKDPGVLEYPVKPSEVGK;0,997
;;;793,171875;4;55,8;;VVIVGAGMSGLSAAYVLANAGHQVTVLEASER;0,997
;;;793,172485;4;45,7;;VVIVGAGMSGLSAAYVLANAGHQVTVLEASER;0,997
;;;832,196655;4;85,3;;RVVIVGAGMSGLSAAYVLANAGHQVTVLEASER;0,997
;;;832,197388;4;60,8;;RVVIVGAGMSGLSAAYVLANAGHQVTVLEASER;0,997
;;;832,893188;2;71,5;;NEKEGWYANLGPMR;0,997
;;;832,895874;2;82,4;;NEKEGWYANLGPMR;0,997
;;;834,073792;3;67,1;;FDEIVGGMDKLPTSMYQAIQEK;0,997
;;;834,073914;3;58,9;;FDEIVGGMDKLPTSMYQAIQEK;0,997
;;;836,195618;4;48,8;;RVVIVGAGMSGLSAAYVLANAGHQVTVLEASER;0,997
;;;839,404053;3;38,3;;FDEIVGGMDKLPTSMYQAIQEK;0,997
;;;845,731812;3;46,5;;FDLQLNEFSQENENAWYFIK;0,997
;;;845,732544;3;45,6;;FDLQLNEFSQENENAWYFIK;0,997
;;;865,936951;2;26,1;;EEIQAIcRPSMIQR;0,972
;;;865,937012;2;37,4;;EEIQAIcRPSMIQR;0,997
;;;886,10675;3;58;;RFDEIVGGMDKLPTSMYQAIQEK;0,997
;;;886,108826;3;60,5;;RFDEIVGGMDKLPTSMYQAIQEK;0,997
;;;888,425842;3;37,1;;KFDLQLNEFSQENENAWYFIK;0,975
;;;888,428284;3;44,6;;KFDLQLNEFSQENENAWYFIK;0,997
;;;888,428467;3;53,4;;KFDLQLNEFSQENENAWYFIK;0,997
;;;888,429932;3;56,5;;KFDLQLNEFSQENENAWYFIK;0,997
;;;920,197632;4;39,7;;WSLDKYAMGGITTFTPYQFQHFSEALTAPVDR;0,997
;;;920,198303;4;28,6;;WSLDKYAMGGITTFTPYQFQHFSEALTAPVDR;0,997
;;;922,243164;5;28,2;;EGNLSPGAVDMIGDLLNEDSGYYVSFIESLKHDDIFAYEKR;0,995
;;;922,244019;5;22,1;;EGNLSPGAVDMIGDLLNEDSGYYVSFIESLKHDDIFAYEKR;0,98
;;;1016,821655;3;56,2;;YAMGGITTFTPYQFQHFSEALTAPVDR;0,997
;;;1016,822754;3;43,7;;YAMGGITTFTPYQFQHFSEALTAPVDR;0,997
;;;1057,227051;3;49,5;;VVIVGAGMSGLSAAYVLANAGHQVTVLEASER;0,997
;;;1057,227539;3;27,4;;VVIVGAGMSGLSAAYVLANAGHQVTVLEASER;0,997
;;;1060,854248;3;29,8;;EVTVTYQTSEKETLSVTADYVIVcTTSR;0,968
;;;1062,557495;3;31,9;;VVIVGAGMSGLSAAYVLANAGHQVTVLEASER;0,997
;;;1062,562134;3;34,9;;VVIVGAGMSGLSAAYVLANAGHQVTVLEASER;0,997
;;;1109,259277;3;105;;RVVIVGAGMSGLSAAYVLANAGHQVTVLEASER;0,997
;;;1111,532471;3;77,4;;EGNLSPGAVDMIGDLLNEDSGYYVSFIESLK;0,997
;;;1111,534302;3;65,7;;EGNLSPGAVDMIGDLLNEDSGYYVSFIESLK;0,997
;;;1113,528687;4;21,7;;EGNLSPGAVDMIGDLLNEDSGYYVSFIESLKHDDIFAYEK;0,996
;;;1117,524902;4;37,8;;EGNLSPGAVDMIGDLLNEDSGYYVSFIESLKHDDIFAYEK;0,997
;;;1152,550537;4;18,7;;EGNLSPGAVDMIGDLLNEDSGYYVSFIESLKHDDIFAYEKR;0,963
;;;1170,626221;2;53,3;;VGEVNKDPGVLEYPVKPSEVGK;0,997
;;;1170,627808;2;37;;VGEVNKDPGVLEYPVKPSEVGK;0,995
;;;1226,594727;3;58,7;;WSLDKYAMGGITTFTPYQFQHFSEALTAPVDR;0,997
;;;1226,594971;3;75,8;;WSLDKYAMGGITTFTPYQFQHFSEALTAPVDR;0,997
;;;1250,607544;2;54,5;;FDEIVGGMDKLPTSMYQAIQEK;0,997
;;;1250,609619;2;60,6;;FDEIVGGMDKLPTSMYQAIQEK;0,997
;;;1332,140381;2;81,9;;KFDLQLNEFSQENENAWYFIK;0,997
;;;1332,141113;2;77,6;;KFDLQLNEFSQENENAWYFIK;0,997
;;;1484,37854;3;41,7;;EGNLSPGAVDMIGDLLNEDSGYYVSFIESLKHDDIFAYEK;0,997
;;;1666,790161;2;56,5;;EGNLSPGAVDMIGDLLNEDSGYYVSFIESLK;0,997
;;;1666,794312;2;70,7;;EGNLSPGAVDMIGDLLNEDSGYYVSFIESLK;0,997
;Metalloprotease BOJUMET II (Fragment) OS=Bothrops jararacussu PE=2 SV=1;Q7T1T5_BOTJR;415,224365;3;37,4;SVMP;KQNGVTIPcAR;0,997
;;;415,224396;3;33,8;;KQNGVTIPcAR;0,997
;;;522,220825;2;34,4;;EcVDVSTAY;0,997
;;;522,22113;2;34,8;;EcVDVSTAY;0,997
;;;522,911743;3;39,1;;KTVAPDGcFDSNQK;0,997
;;;603,267944;2;55,2;;mIPGAQcEDGK;0,997
;;;;;57,5;;mIPGAQcEDGK;0,997
;;;604,248901;3;30,1;;MIPGAQcEDGKccER;0,997
;;;604,249023;3;26;;MIPGAQcEDGKccER;0,997
;;;611,265198;2;29,4;;mIPGAQcEDGK;0,993
;;;622,332092;2;46,1;;KQNGVTIPcAR;0,997
;;;622,332703;2;31,3;;KQNGVTIPcAR;0,987
;;;656,367371;3;47,3;;YLIDNRPPcILNIPLR;0,997
;;;656,367981;3;48,2;;YLIDNRPPcILNIPLR;0,997
;;;687,832214;2;85,3;;NDPDIGMVDLGTK;0,997
;;;687,832397;2;83,9;;NDPDIGMVDLGTK;0,997
;;;719,816284;2;76,1;;TVAPDGcFDSNQK;0,997
;;;719,816345;2;75,9;;TVAPDGcFDSNQK;0,997
;;;782,051025;3;63,4;;LFcVQRPIGNTFLcESTSSK;0,997
;;;782,052002;3;74,7;;LFcVQRPIGNTFLcESTSSK;0,997
;;;783,864868;2;48,2;;KTVAPDGcFDSNQK;0,997
;;;783,865967;2;50,8;;KTVAPDGcFDSNQK;0,997
;;;900,018616;3;74,8;;SEcDIAEScTGQSPEcPTDDFHR;0,997
;;;900,018982;3;67,2;;SEcDIAEScTGQSPEcPTDDFHR;0,997
;;;905,868958;2;62,4;;MIPGAQcEDGKccER;0,997
;;;905,870728;2;48,1;;MIPGAQcEDGKccER;0,997
;;;923,647583;4;18,8;;NGQPcLNNQGYcYNGNcPILDHQcHNLFGAR;0,973
;;;923,648438;4;24;;NGQPcLNNQGYcYNGNcPILDHQcHNLFGAR;0,995
;;;925,700195;4;41,2;;LFcVQRPIGNTFLcESTSSKNDPDIGMVDLGTK;0,997
;;;925,700684;4;53,4;;LFcVQRPIGNTFLcESTSSKNDPDIGMVDLGTK;0,997
;;;929,701233;4;75,6;;LFcVQRPIGNTFLcESTSSKNDPDIGMVDLGTK;0,997
;;;984,047424;2;27;;YLIDNRPPcILNIPLR;0,979
;;;1172,57251;2;52,5;;LFcVQRPIGNTFLcESTSSK;0,997
;;;1233,933472;3;41,8;;LFcVQRPIGNTFLcESTSSKNDPDIGMVDLGTK;0,997
;;;1349,52478;2;49,8;;SEcDIAEScTGQSPEcPTDDFHR;0,997
;;;1349,525269;2;66,8;;SEcDIAEScTGQSPEcPTDDFHR;0,997
;Metalloprotease P-III (Fragment) OS=Protobothrops elegans PE=2 SV=1;A0A077L6L9_PROEL;588,356628;3;33,8;SVMP;RIFEIVNILTLIYR;0,997
;;;588,357544;3;49,4;;RIFEIVNILTLIYR;0,997
;;;803,981384;2;46,2;;IFEIVNILTLIYR;0,997
;;;803,981995;2;76,5;;IFEIVNILTLIYR;0,997
;;;803,982605;2;72,6;;IFEIVNILTLIYR;0,997
;;;;;83,7;;IFEIVNILTLIYR;0,997
;;;803,984131;2;83,6;;IFEIVNILTLIYR;0,997
;Metalloprotease, mRNA OS=Gloydius intermedius PE=2 SV=1;A0A0C4ZNF1_GLOIT;354,197693;3;19,5;SVMP;WRETDLLK;0,966
;;;401,72818;2;28,6;;GMVLPGTK;0,955
;;;406,231018;3;21,3;;WRETDLLKR;0,965
;;;627,294189;2;44,3;;LYcVDSSPANK;0,997
;;;627,294739;2;55,1;;LYcVDSSPANK;0,997
;;;690,293396;2;73,5;;AcSNGQcVDVNR;0,997
;;;690,295715;2;60,2;;AcSNGQcVDVNR;0,997
;Metalloproteinase (Type III) 5 OS=Crotalus adamanteus PE=2 SV=1;A0A0F7Z792_CROAD;379,876404;3;42,6;SVMP;YKDDLDKIK;0,997
;;;379,87674;3;41,4;;YKDDLDKIK;0,997
;;;514,265381;2;29,7;;IPcAPQDVK;0,99
;;;514,265625;2;35,9;;IPcAPQDVK;0,997
;;;569,311035;2;45,9;;YKDDLDKIK;0,997
;;;569,311096;2;32,8;;YKDDLDKIK;0,995
;;;600,638062;3;27,2;;YVEFVVVLDHGMYTK;0,981
;;;600,63855;3;22,7;;YVEFVVVLDHGMYTK;0,978
;;;643,336487;3;31,1;;KYVEFVVVLDHGMYTK;0,991
;;;643,338989;3;26,4;;KYVEFVVVLDHGMYTK;0,959
;;;737,38208;3;49,3;;IYEIVNTMNEMFIPLNIR;0,997
;;;737,38269;3;61,1;;IYEIVNTMNEMFIPLNIR;0,997
;;;737,889587;2;54,7;;VALIcLEIWSDR;0,997
;;;737,889771;2;55,7;;VALIcLEIWSDR;0,997
;;;900,453918;2;83,5;;YVEFVVVLDHGMYTK;0,997
;;;1105,567383;2;43,4;;IYEIVNTMNEMFIPLNIR;0,995
;;;1105,571655;2;66,7;;IYEIVNTMNEMFIPLNIR;0,997
;;;1113,569092;2;30,2;;IYEIVNTMNEMFIPLNIR;0,982
;Metalloproteinase OS=Deinagkistrodon acutus PE=2 SV=1;V5Z141_DEIAC;401,72818;2;28,6;SVMP;GMVLPGTK;0,955
;;;420,173004;3;24,1;;MFYSSDDEHK;0,997
;;;420,173035;3;27,4;;MFYSSDDEHK;0,997
;;;511,239166;4;18,7;;MFYSSDDEHKGMVLPGTK;0,99
;;;515,237976;4;16;;MFYSSDDEHKGMVLPGTK;0,974
;;;598,934326;3;22,4;;LYcKDNSPGQNNPcK;0,995
;;;615,760925;2;36,8;;DNSPGQNNPcK;0,995
;;;615,763733;2;31,6;;DNSPGQNNPcK;0,968
;;;629,755432;2;42,8;;MFYSSDDEHK;0,997
;;;629,755493;2;43,6;;MFYSSDDEHK;0,997
;;;681,316467;3;50,2;;MFYSSDDEHKGMVLPGTK;0,997
;;;681,318176;3;24,1;;MFYSSDDEHKGMVLPGTK;0,971
;;;686,648438;3;23,8;;MFYSSDDEHKGMVLPGTK;0,997
;;;686,648621;3;30;;MFYSSDDEHKGMVLPGTK;0,997
;;;897,891785;2;54,5;;LYcKDNSPGQNNPcK;0,997
;;;897,902893;2;62,9;;LYcKDNSPGQNNPcK;0,997
;;;936,412292;2;40,9;;NGQPcLNNLGYcYNGK;0,997
;;;1021,470886;2;70,6;;MFYSSDDEHKGMVLPGTK;0,997
;;;1021,471436;2;77,6;;MFYSSDDEHKGMVLPGTK;0,997
;;;1029,464478;2;50,5;;MFYSSDDEHKGMVLPGTK;0,997
;MP_IIa SVMP (Fragment) OS=Bothrops neuwiedi PE=2 SV=1;E3UJM0_BOTNU;324,874603;3;17,8;SVMP;KDLIKVEK;0,968
;;;547,782715;2;30,7;;YNSNLNTIR;0,975
;;;547,782898;2;66,8;;YNSNLNTIR;0,997
;;;;;68,2;;YNSNLNTIR;0,997
;;;548,773987;2;53,6;;TLTSFGEWR;0,997
;;;548,774414;2;40,7;;TLTSFGEWR;0,997
;;;576,231934;2;55,6;;cTGQSADcPR;0,997
;;;640,922852;3;40;;GDNPDDRcTGQSADcPR;0,997
;;;640,923462;3;40,3;;GDNPDDRcTGQSADcPR;0,997
;;;650,35321;4;56,9;;ISHDHAQLLTTIVFDNYVIGITK;0,997
;;;650,353577;4;49,3;;ISHDHAQLLTTIVFDNYVIGITK;0,997
;;;684,293213;3;53,7;;LRPGAQcAEGLccDQcR;0,997
;;;684,29364;3;60,7;;LRPGAQcAEGLccDQcR;0,997
;;;716,635925;3;27,4;;ARGDNPDDRcTGQSADcPR;0,997
;;;866,801819;3;70;;ISHDHAQLLTTIVFDNYVIGITK;0,997
;;;866,802734;3;87,4;;ISHDHAQLLTTIVFDNYVIGITK;0,997
;;;1025,936035;2;42;;LRPGAQcAEGLccDQcR;0,997
;;;1025,936646;2;55,3;;LRPGAQcAEGLccDQcR;0,997
;MP_IIb1 SVMP (Fragment) OS=Bothrops neuwiedi PE=2 SV=1;E3UJL5_BOTNU;435,958771;4;15,7;SVMP;MAHELGYNLGIDHDR;0,959
;;;443,250366;3;32,2;;YIELVIVADHR;0,997
;;;443,250427;3;42,8;;YIELVIVADHR;0,997
;;;443,250458;3;31,1;;YIELVIVADHR;0,997
;;;443,25061;3;48,9;;YIELVIVADHR;0,997
;;;443,250793;3;31,4;;YIELVIVADHR;0,997
;;;580,943787;3;36,7;;MAHELGYNLGIDHDR;0,997
;;;580,944702;3;38,4;;MAHELGYNLGIDHDR;0,996
;;;664,370728;2;66,7;;YIELVIVADHR;0,997
;;;664,371216;2;62,3;;YIELVIVADHR;0,997
;;;664,37146;2;44,8;;YIELVIVADHR;0,997
;;;664,372253;2;39,8;;YIELVIVADHR;0,997
;;;664,372803;2;63,6;;YIELVIVADHR;0,997
;;;679,374329;3;27,9;;ISSIIYEIVNILTEIcR;0,997
;;;679,375;3;80,6;;ISSIIYEIVNILTEIcR;0,997
;;;679,375061;3;35,5;;ISSIIYEIVNILTEIcR;0,997
;;;679,375549;3;76,4;;ISSIIYEIVNILTEIcR;0,997
;;;679,377441;3;33,8;;ISSIIYEIVNILTEIcR;0,991
;;;755,754822;3;36,5;;TKISSIIYEIVNILTEIcR;0,997
;;;1018,55542;2;70,8;;ISSIIYEIVNILTEIcR;0,997
;;;1018,557373;2;45,8;;ISSIIYEIVNILTEIcR;0,997
;;;1018,557922;2;63,3;;ISSIIYEIVNILTEIcR;0,997
;MP_III3 SVMP (Fragment) OS=Bothrops neuwiedi PE=2 SV=1;E3UJL2_BOTNU;522,757263;2;57;SVMP;NNGNLDEIR;0,997
;;;522,757385;2;55,1;;NNGNLDEIR;0,997
;;;557,30072;3;57,2;;IYEIVNFLNEIFR;0,997
;;;557,302551;3;56,5;;IYEIVNFLNEIFR;0,997
;;;598,577087;4;34,1;;KSHDNAQLLTAIDLDGPTIGIAK;0,997
;;;598,577576;4;33,4;;KSHDNAQLLTAIDLDGPTIGIAK;0,997
;;;633,682617;3;34,8;;TKIYEIVNFLNEIFR;0,997
;;;633,684204;3;38,3;;TKIYEIVNFLNEIFR;0,997
;;;685,892212;2;46,8;;IALVGIEIWSNR;0,997
;;;685,892456;2;58,3;;IALVGIEIWSNR;0,997
;;;755,067932;3;41,1;;SHDNAQLLTAIDLDGPTIGIAK;0,997
;;;755,06897;3;25,9;;SHDNAQLLTAIDLDGPTIGIAK;0,997
;;;835,450134;2;85,9;;IYEIVNFLNEIFR;0,997
;;;835,451599;2;68,1;;IYEIVNFLNEIFR;0,997
;;;950,025574;2;72,6;;TKIYEIVNFLNEIFR;0,997
;MP_IIx2 SVMP (Fragment) OS=Bothrops neuwiedi PE=2 SV=1;E3UJL8_BOTNU;590,963623;3;18,2;SVMP;YVEFVVVLDHEMYK;0,961
;;;633,662109;3;31,8;;KYVEFVVVLDHEMYK;0,997
;;;737,38208;3;49,3;;IYEIVNTMNEMFIPLNIR;0,997
;;;737,38269;3;61,1;;IYEIVNTMNEMFIPLNIR;0,997
;;;737,889587;2;54,7;;VALIcLEIWSDR;0,997
;;;737,889771;2;55,7;;VALIcLEIWSDR;0,997
;;;1105,567383;2;43,4;;IYEIVNTMNEMFIPLNIR;0,995
;;;1105,571655;2;66,7;;IYEIVNTMNEMFIPLNIR;0,997
;;;1113,569092;2;30,2;;IYEIVNTMNEMFIPLNIR;0,982
;;;1495,281738;3;37,1;;TDIVSRPVcGNELLEVGEEcDcGPPANcQNQccDAATcK;0,997
;MP_IIx3 SVMP (Fragment) OS=Bothrops neuwiedi PE=2 SV=1;E3UJL9_BOTNU;443,213318;4;23,2;SVMP;MAVIMAHEMGHNLGMK;0,996
;;;508,958832;3;16,9;;SVAIIEDHSIISLK;0,965
;;;511,608429;3;33,3;;HRPQcILNEPLR;0,997
;;;;;43,7;;HRPQcILNEPLR;0,997
;;;527,765686;2;23,9;;EcQTYLIK;0,96
;;;590,615112;3;34,6;;MAVIMAHEMGHNLGMK;0,997
;;;590,615234;3;43,5;;MAVIMAHEMGHNLGMK;0,997
;;;595,946899;3;18,3;;MAVIMAHEMGHNLGMK;0,979
;;;737,38208;3;49,3;;IYEIVNTMNEMFIPLNIR;0,997
;;;737,38269;3;61,1;;IYEIVNTMNEMFIPLNIR;0,997
;;;737,889587;2;54,7;;VALIcLEIWSDR;0,997
;;;737,889771;2;55,7;;VALIcLEIWSDR;0,997
;;;762,934509;2;90,3;;SVAIIEDHSIISLK;0,997
;;;762,934937;2;73,6;;SVAIIEDHSIISLK;0,997
;;;885,418823;2;79,9;;MAVIMAHEMGHNLGMK;0,997
;;;885,419373;2;75,3;;MAVIMAHEMGHNLGMK;0,997
;;;1105,567383;2;43,4;;IYEIVNTMNEMFIPLNIR;0,995
;;;1105,571655;2;66,7;;IYEIVNTMNEMFIPLNIR;0,997
;;;1113,569092;2;30,2;;IYEIVNTMNEMFIPLNIR;0,982
;Myotoxic protein PLA2K49 OS=Bothrocophias andianus PE=2 SV=1;L7VGC1_BOTAN;359,506317;3;21,6;PL;YSYSWKDK;0,988
;;;368,841736;3;19,2;;DRYSYSWK;0,989
;;;368,841766;3;24,1;;DRYSYSWK;0,99
;;;443,911499;3;34,5;;MILQETGKNPAK;0,997
;;;443,91153;3;33,7;;MILQETGKNPAK;0,997
;;;449,242798;3;24,6;;MILQETGKNPAK;0,981
;;;449,24292;3;23,1;;MILQETGKNPAK;0,979
;;;460,249542;2;42,8;;MILQETGK;0,99
;;;460,249664;2;47,9;;MILQETGK;0,99
;;;546,921265;3;47,1;;DKTLVcGEDNScLK;0,997
;;;546,922729;3;50,2;;DKTLVcGEDNScLK;0,997
;;;552,758789;2;22,8;;DRYSYSWK;0,971
;;;552,75885;2;23;;DRYSYSWK;0,972
;;;579,608154;3;31,8;;ELcEcDKAVAIcLR;0,997
;;;579,608887;3;19,1;;ELcEcDKAVAIcLR;0,975
;;;579,609253;3;51,7;;ELcEcDKAVAIcLR;0,997
;;;579,609314;3;44,9;;ELcEcDKAVAIcLR;0,997
;;;665,363098;2;68,5;;MILQETGKNPAK;0,997
;;;665,363342;2;71,5;;MILQETGKNPAK;0,997
;;;673,358765;2;39,1;;MILQETGKNPAK;0,978
;;;673,360657;2;42,6;;MILQETGKNPAK;0,997
;;;698,315857;2;56,5;;TLVcGEDNScLK;0,997
;;;698,31604;2;47,7;;TLVcGEDNScLK;0,997
;;;698,318054;2;61,6;;TLVcGEDNScLK;0,997
;;;698,318604;2;54,7;;TLVcGEDNScLK;0,997
;;;819,875793;2;65;;DKTLVcGEDNScLK;0,997
;;;819,876038;2;63,7;;DKTLVcGEDNScLK;0,997
;;;868,909607;2;72,1;;ELcEcDKAVAIcLR;0,997
;;;868,909912;2;85,2;;ELcEcDKAVAIcLR;0,997
;Phospholipase B OS=Crotalus horridus PE=2 SV=1;T1DLW3_CROHD;397,856354;3;32,3;PL;NNKDDPFWR;0,997
;;;397,856384;3;40,8;;NNKDDPFWR;0,997
;;;450,887115;3;33,1;;RTPVPAGcYDSK;0,997
;;;468,885559;3;20,6;;YNNYKEDPYAK;0,99
;;;;;21,9;;YNNYKEDPYAK;0,993
;;;479,558807;3;42,1;;HGLEFSYEMAPR;0,997
;;;479,559357;3;49,8;;HGLEFSYEMAPR;0,997
;;;506,243408;2;37,6;;TWAETFEK;0,99
;;;519,241333;2;47,5;;IANMMADSGK;0,997
;;;519,241577;2;43,3;;IANMMADSGK;0,997
;;;568,973572;3;43,7;;SLEDGTLYIIEQVPK;0,997
;;;;;46,6;;SLEDGTLYIIEQVPK;0,997
;;;596,280579;2;30,5;;NNKDDPFWR;0,995
;;;596,281067;2;38,4;;NNKDDPFWR;0,997
;;;597,743591;2;35,1;;NPcNTIccR;0,997
;;;597,744202;2;41,8;;NPcNTIccR;0,997
;;;597,779297;2;40,7;;TPVPAGcYDSK;0,986
;;;675,827209;2;40,8;;RTPVPAGcYDSK;0,997
;;;702,823853;2;52,8;;YNNYKEDPYAK;0,997
;;;718,833801;2;54;;HGLEFSYEMAPR;0,997
;;;718,834473;2;39,4;;HGLEFSYEMAPR;0,997
;;;852,955688;2;81,6;;SLEDGTLYIIEQVPK;0,997
;;;852,955933;2;74;;SLEDGTLYIIEQVPK;0,997
;;;1111,552368;2;59,1;;HQGLPESYNFDFVTMKPVL;0,997
;Platelet-aggregating proteinase PA-BJ (Fragment) OS=Bothrops jararaca PE=1 SV=2;VSP1_BOTJA;394,220856;4;25,7;SVSP;KDDVLDKDIMLIR;0,997
;;;404,21698;3;35,9;;INILDHAVcR;0,997
;;;404,217133;3;37,8;;INILDHAVcR;0,997
;;;482,593384;3;37;;DDVLDKDIMLIR;0,997
;;;482,593567;3;41,8;;DDVLDKDIMLIR;0,997
;;;482,593811;3;26,2;;DDVLDKDIMLIR;0,996
;;;482,593903;3;48,1;;DDVLDKDIMLIR;0,997
;;;525,291748;3;43,2;;KDDVLDKDIMLIR;0,997
;;;525,292114;3;45,5;;KDDVLDKDIMLIR;0,997
;;;605,821594;2;57,3;;INILDHAVcR;0,997
;;;605,821716;2;60,8;;INILDHAVcR;0,997
;;;658,799561;2;38,8;;ETYPDVPHcAK;0,997
;;;658,800476;2;39,9;;ETYPDVPHcAK;0,997
;;;723,387146;2;31,8;;DDVLDKDIMLIR;0,992
;;;723,387817;2;37,4;;DDVLDKDIMLIR;0,996
;;;723,388184;2;45,5;;DDVLDKDIMLIR;0,997
;;;723,389587;2;39,9;;DDVLDKDIMLIR;0,988
;;;906,459473;4;35,3;;LNRPVSNSEHIAPLSLPSSPPSVGSVcYVMGWGK;0,997
;;;906,460266;4;28,5;;LNRPVSNSEHIAPLSLPSSPPSVGSVcYVMGWGK;0,997
;;;1208,27356;3;57;;LNRPVSNSEHIAPLSLPSSPPSVGSVcYVMGWGK;0,997
;;;1208,27771;3;49,4;;LNRPVSNSEHIAPLSLPSSPPSVGSVcYVMGWGK;0,997
;Serine proteinase 2 OS=Crotalus adamanteus PE=2 SV=1;F8S115_CROAD,J3S3W7_CROAD,J3SDX1_CROAD;497,260773;3;31,7;SVSP;DNEKDKDIMLIR;0,997
;;;745,387939;2;45,6;;DNEKDKDIMLIR;0,997
;;;867,185791;4;32;;SLALVYITSGFLcGGTLINQEWVLTAAHcDR;0,997
;;;867,190063;4;33,5;;SLALVYITSGFLcGGTLINQEWVLTAAHcDR;0,997
;Serine proteinase 7 OS=Crotalus horridus PE=2 SV=1;T1E3B5_CROHD;595,815735;2;65,4;SVSP;IMGWGTISPTK;0,997
;;;595,81842;2;51,4;;IMGWGTISPTK;0,997
;;;644,82666;2;60,7;;NFQMQLGVHSK;0,997
;;;644,826965;2;54,1;;NFQMQLGVHSK;0,997
;;;722,358276;2;27,4;;VLNEDEQTRDPK;0,961
;;;723,114746;4;27,2;;LDSPVSNSEHIAPLSLPSSPPSVGSVcR;0,995
;;;723,114868;4;29,9;;LDSPVSNSEHIAPLSLPSSPPSVGSVcR;0,997
;;;963,818054;3;51,1;;LDSPVSNSEHIAPLSLPSSPPSVGSVcR;0,997
;;;963,818237;3;48,4;;LDSPVSNSEHIAPLSLPSSPPSVGSVcR;0,997
;Snaclec bothroinsularin subunit alpha OS=Bothrops insularis PE=1 SV=1;SLA_BOTIN;496,716278;2;57,1;CTL;MNWADAER;0,99
;;;496,716431;2;57;;MNWADAER;0,99
;;;826,742371;3;24;;GGHLVSFQSDGETDFVVNLVTEK;0,992
;Snaclec bothroinsularin subunit beta OS=Bothrops insularis PE=1 SV=1;SLB_BOTIN;511,715759;2;48,3;CTL;MNWEDAEK;0,99
;;;511,716278;2;27,5;;MNWEDAEK;0,987
;;;993,431702;2;23,8;;DNYQFVFSEYEcVASK;0,96
;;;1190,246582;3;58,7;;FcTQQQTGGHLVSFQSSEEADFVVSLTSPILR;0,997
;;;1190,24939;3;64,3;;FcTQQQTGGHLVSFQSSEEADFVVSLTSPILR;0,997
;;;1190,249634;3;39,5;;FcTQQQTGGHLVSFQSSEEADFVVSLTSPILR;0,997
;Snaclec botrocetin subunit alpha OS=Bothrops jararaca PE=1 SV=2;SLEA_BOTJA;496,716278;2;57,1;CTL;MNWADAER;0,99
;;;496,716431;2;57;;MNWADAER;0,99
;;;818,431335;2;63,2;;NIQSSDLYAWIGLR;0,997
;Snaclec GPIB-binding protein subunit beta OS=Bothrops jararaca PE=1 SV=1;SL1B_BOTJA;853,875122;2;65,2;CTL;MNWADAENLcAQQR;0,997
;;;907,906067;2;64,6;;VNYNAWASESEcVASK;0,997
;Snake venom metalloproteinase atroxlysin-1 OS=Bothrops atrox PE=1 SV=2;VM11_BOTAT;318,178467;4;27;SVMP;RIHQMVNIMK;0,997
;;;318,178558;4;18;;RIHQMVNIMK;0,974
;;;371,868439;3;28,3;;IHQMVNIMK;0,997
;;;;;36,2;;IHQMVNIMK;0,997
;;;377,199707;3;36,3;;IHQMVNIMK;0,997
;;;377,199982;3;33,2;;IHQMVNIMK;0,997
;;;377,200256;3;25,8;;IHQMVNIMK;0,992
;;;423,902557;3;33;;RIHQMVNIMK;0,997
;;;423,902679;3;37,4;;RIHQMVNIMK;0,997
;;;429,233032;3;30,4;;RIHQMVNIMK;0,995
;;;557,298767;2;33,8;;IHQMVNIMK;0,997
;;;557,299011;2;31,3;;IHQMVNIMK;0,995
;;;635,349243;2;40,9;;RIHQMVNIMK;0,997
;;;635,349304;2;42,3;;RIHQMVNIMK;0,997
;;;636,329712;2;45,7;;ENPQcILNKR;0,997
;;;636,3302;2;40,5;;ENPQcILNKR;0,997
;;;699,542419;5;45,7;;KSHDNAQLLTSTDFNGPTIGLAYVGSMcDPKR;0,997
;;;;;49,8;;KSHDNAQLLTSTDFNGPTIGLAYVGSMcDPKR;0,997
;;;721,639099;3;27,4;;YFSDcSYIQcWDFIMK;0,997
;;;721,63916;3;34,8;;YFSDcSYIQcWDFIMK;0,997
;;;726,970154;3;45,4;;YFSDcSYIQcWDFIMK;0,997
;;;726,970337;3;54,3;;YFSDcSYIQcWDFIMK;0,997
;;;726,970825;3;51;;YFSDcSYIQcWDFIMK;0,997
;;;753,046265;3;70,5;;DLINVQPAAPQTLDSFGEWR;0,997
;;;753,046387;3;59,8;;DLINVQPAAPQTLDSFGEWR;0,997
;;;795,74353;3;29,4;;DLINVQPAAPQTLDSFGEWRK;0,994
;;;795,743591;3;34;;DLINVQPAAPQTLDSFGEWRK;0,997
;;;803,127319;4;54,7;;SHDNAQLLTSTDFNGPTIGLAYVGSMcDPK;0,997
;;;803,127747;4;14,4;;SHDNAQLLTSTDFNGPTIGLAYVGSMcDPK;0,954
;;;835,15094;4;36,9;;KSHDNAQLLTSTDFNGPTIGLAYVGSMcDPK;0,997
;;;835,151367;4;27,5;;KSHDNAQLLTSTDFNGPTIGLAYVGSMcDPK;0,997
;;;842,15094;4;25,7;;SHDNAQLLTSTDFNGPTIGLAYVGSMcDPKR;0,996
;;;842,151672;4;41,6;;SHDNAQLLTSTDFNGPTIGLAYVGSMcDPKR;0,997
;;;1070,500854;3;86,9;;SHDNAQLLTSTDFNGPTIGLAYVGSMcDPK;0,997
;;;1070,501831;3;72,7;;SHDNAQLLTSTDFNGPTIGLAYVGSMcDPK;0,997
;;;1081,949463;2;82,3;;YFSDcSYIQcWDFIMK;0,997
;;;1081,952637;2;69,3;;YFSDcSYIQcWDFIMK;0,997
;;;1081,953491;2;75,6;;YFSDcSYIQcWDFIMK;0,997
;;;1081,954102;2;72;;YFSDcSYIQcWDFIMK;0,997
;;;1089,949463;2;64,4;;YFSDcSYIQcWDFIMK;0,997
;;;1089,950806;2;77,9;;YFSDcSYIQcWDFIMK;0,997
;;;1089,951416;2;80,6;;YFSDcSYIQcWDFIMK;0,997
;;;1089,951782;2;62,5;;YFSDcSYIQcWDFIMK;0,997
;;;1092,480103;3;40,9;;YFSDcSYIQcWDFImKENPQcILNK;0,997
;;;1092,482422;3;32;;YFSDcSYIQcWDFImKENPQcILNK;0,997
;;;1113,198364;3;67,5;;KSHDNAQLLTSTDFNGPTIGLAYVGSMcDPK;0,997
;;;1113,198486;3;63,2;;KSHDNAQLLTSTDFNGPTIGLAYVGSMcDPK;0,997
;;;1122,534058;3;74,7;;SHDNAQLLTSTDFNGPTIGLAYVGSMcDPKR;0,997
;;;1122,534424;3;69,8;;SHDNAQLLTSTDFNGPTIGLAYVGSMcDPKR;0,997
;;;1129,064819;2;89,2;;DLINVQPAAPQTLDSFGEWR;0,997
;;;1129,064941;2;86,9;;DLINVQPAAPQTLDSFGEWR;0,997
;Snake venom metalloproteinase BmooMPalpha-I OS=Bothrops moojeni PE=1 SV=2;VM1BI_BOTMO;437,990509;4;21,3;SVMP;YIELVVVADHGMFKK;0,987
;;;437,990967;4;22;;YIELVVVADHGMFKK;0,989
;;;450,920227;3;26;;KYNSNLNTIRK;0,978
;;;450,921753;3;27,2;;KYNSNLNTIRK;0,985
;;;475,22583;4;23,1;;KWVHEMVNSMNGFYR;0,99
;;;475,226227;4;19,5;;KWVHEMVNSMNGFYR;0,987
;;;540,953308;3;55,4;;YIELVVVADHGmFK;0,997
;;;540,953369;3;50,7;;YIELVVVADHGmFK;0,997
;;;540,953552;3;30,3;;YIELVVVADHGmFK;0,997
;;;547,782715;2;30,7;;YNSNLNTIR;0,975
;;;547,782898;2;66,8;;YNSNLNTIR;0,997
;;;;;68,2;;YNSNLNTIR;0,997
;;;564,233765;2;57,3;;AYTGGMcDPR;0,997
;;;573,636902;3;56,2;;SVDVTASLANLEVWSK;0,997
;;;573,637085;3;60,3;;SVDVTASLANLEVWSK;0,997
;;;583,651245;3;33,4;;YIELVVVADHGMFKK;0,997
;;;583,65155;3;19,7;;YIELVVVADHGMFKK;0,975
;;;583,651794;3;37,3;;YIELVVVADHGMFKK;0,997
;;;590,600342;3;31,1;;WVHEMVNSmNGFYR;0,997
;;;;;45,6;;WVHEMVNSmNGFYR;0,997
;;;595,93219;3;20,7;;WVHEMVNSmNGFYR;0,991
;;;595,932373;3;21,6;;WVHEMVNSmNGFYR;0,995
;;;595,932434;3;21,2;;WVHEMVNSmNGFYR;0,994
;;;595,932739;3;18,8;;WVHEMVNSmNGFYR;0,977
;;;611,829956;2;47,8;;YNSNLNTIRK;0,997
;;;611,830017;2;61;;YNSNLNTIRK;0,997
;;;616,334656;3;42,5;;SVDVTASLANLEVWSKK;0,997
;;;616,334778;3;45,3;;SVDVTASLANLEVWSKK;0,997
;;;633,299622;3;58,2;;KWVHEMVNSMNGFYR;0,997
;;;633,300476;3;61,2;;KWVHEMVNSMNGFYR;0,997
;;;667,829651;2;44,9;;HNPQcILNEPL;0,997
;;;667,829956;2;44,7;;HNPQcILNEPL;0,997
;;;810,92572;2;63,3;;YIELVVVADHGmFK;0,997
;;;810,925964;2;63,3;;YIELVVVADHGmFK;0,997
;;;818,923767;2;30,2;;YIELVVVADHGmFK;0,99
;;;859,948853;2;77,8;;SVDVTASLANLEVWSK;0,997
;;;859,948914;2;72,6;;SVDVTASLANLEVWSK;0,997
;;;859,949219;2;75,5;;SVDVTASLANLEVWSK;0,997
;;;859,949707;2;77,1;;SVDVTASLANLEVWSK;0,997
;;;859,949829;2;83,3;;SVDVTASLANLEVWSK;0,997
;;;859,950012;2;74,6;;SVDVTASLANLEVWSK;0,997
;;;;;82,4;;SVDVTASLANLEVWSK;0,997
;;;;;95;;SVDVTASLANLEVWSK;0,997
;;;859,950073;2;72,1;;SVDVTASLANLEVWSK;0,997
;;;;;84,4;;SVDVTASLANLEVWSK;0,997
;;;859,950195;2;84,6;;SVDVTASLANLEVWSK;0,997
;;;859,950256;2;87,6;;SVDVTASLANLEVWSK;0,997
;;;859,950439;2;53,3;;SVDVTASLANLEVWSK;0,997
;;;;;67,4;;SVDVTASLANLEVWSK;0,997
;;;859,9505;2;68,4;;SVDVTASLANLEVWSK;0,997
;;;859,950562;2;70,4;;SVDVTASLANLEVWSK;0,997
;;;859,950684;2;87,6;;SVDVTASLANLEVWSK;0,997
;;;859,950806;2;84,6;;SVDVTASLANLEVWSK;0,997
;;;;;87,6;;SVDVTASLANLEVWSK;0,997
;;;859,950867;2;79,9;;SVDVTASLANLEVWSK;0,997
;;;859,950928;2;87,6;;SVDVTASLANLEVWSK;0,997
;;;;;89,1;;SVDVTASLANLEVWSK;0,997
;;;859,95105;2;87,7;;SVDVTASLANLEVWSK;0,997
;;;859,951111;2;60;;SVDVTASLANLEVWSK;0,997
;;;;;85;;SVDVTASLANLEVWSK;0,997
;;;859,951294;2;67;;SVDVTASLANLEVWSK;0,997
;;;859,951355;2;83,8;;SVDVTASLANLEVWSK;0,997
;;;;;91,4;;SVDVTASLANLEVWSK;0,997
;;;859,951416;2;77,2;;SVDVTASLANLEVWSK;0,997
;;;;;82,6;;SVDVTASLANLEVWSK;0,997
;;;;;90,7;;SVDVTASLANLEVWSK;0,997
;;;;;97,8;;SVDVTASLANLEVWSK;0,997
;;;859,951477;2;69,7;;SVDVTASLANLEVWSK;0,997
;;;;;93,6;;SVDVTASLANLEVWSK;0,997
;;;859,951538;2;76,3;;SVDVTASLANLEVWSK;0,997
;;;;;83,6;;SVDVTASLANLEVWSK;0,997
;;;;;86,5;;SVDVTASLANLEVWSK;0,997
;;;;;101;;SVDVTASLANLEVWSK;0,997
;;;859,951599;2;82,2;;SVDVTASLANLEVWSK;0,997
;;;;;85,1;;SVDVTASLANLEVWSK;0,997
;;;859,95166;2;82,2;;SVDVTASLANLEVWSK;0,997
;;;;;91,7;;SVDVTASLANLEVWSK;0,997
;;;859,951721;2;67,5;;SVDVTASLANLEVWSK;0,997
;;;859,951782;2;79,9;;SVDVTASLANLEVWSK;0,997
;;;859,951843;2;82,5;;SVDVTASLANLEVWSK;0,997
;;;;;83,7;;SVDVTASLANLEVWSK;0,997
;;;;;84,8;;SVDVTASLANLEVWSK;0,997
;;;859,951904;2;89,1;;SVDVTASLANLEVWSK;0,997
;;;859,951965;2;69,5;;SVDVTASLANLEVWSK;0,997
;;;859,952026;2;78,5;;SVDVTASLANLEVWSK;0,997
;;;859,952087;2;66,8;;SVDVTASLANLEVWSK;0,997
;;;859,952209;2;83,6;;SVDVTASLANLEVWSK;0,997
;;;859,952332;2;63,4;;SVDVTASLANLEVWSK;0,997
;;;859,952454;2;80,3;;SVDVTASLANLEVWSK;0,997
;;;859,952698;2;74,9;;SVDVTASLANLEVWSK;0,997
;;;;;76,9;;SVDVTASLANLEVWSK;0,997
;;;;;81;;SVDVTASLANLEVWSK;0,997
;;;;;84,6;;SVDVTASLANLEVWSK;0,997
;;;859,952881;2;64,3;;SVDVTASLANLEVWSK;0,997
;;;;;79,9;;SVDVTASLANLEVWSK;0,997
;;;859,953003;2;77,3;;SVDVTASLANLEVWSK;0,997
;;;859,953125;2;79,3;;SVDVTASLANLEVWSK;0,997
;;;885,396973;2;64,5;;WVHEMVNSmNGFYR;0,997
;;;885,397461;2;65,9;;WVHEMVNSmNGFYR;0,997
;;;893,394043;2;60,2;;WVHEMVNSmNGFYR;0,997
;;;893,394104;2;39,3;;WVHEMVNSmNGFYR;0,997
;;;923,998474;2;74,9;;SVDVTASLANLEVWSKK;0,997
;;;923,998596;2;92;;SVDVTASLANLEVWSKK;0,997
;;;949,444092;2;72,7;;KWVHEMVNSMNGFYR;0,997
;;;949,444214;2;76,4;;KWVHEMVNSMNGFYR;0,997
;Snake venom metalloproteinase BpirMP (Fragment) OS=Bothrops pirajai PE=1 SV=1;VM1_BOTPI;399,200714;3;28;SVMP;HSVGVVMDHSK;0,996
;;;399,200836;3;29,4;;HSVGVVMDHSK;0,997
;;;399,200867;3;24,5;;HSVGVVMDHSK;0,994
;;;399,200897;3;18,9;;HSVGVVMDHSK;0,963
;;;399,200989;3;20,4;;HSVGVVMDHSK;0,983
;;;399,20105;3;19,3;;HSVGVVMDHSK;0,975
;;;;;24,9;;HSVGVVMDHSK;0,996
;;;399,201324;3;34,6;;HSVGVVMDHSK;0,997
;;;399,201355;3;26,1;;HSVGVVMDHSK;0,989
;;;399,201385;3;25,3;;HSVGVVMDHSK;0,989
;;;404,531616;3;32,1;;HSVGVVMDHSK;0,993
;;;404,532593;3;33;;HSVGVVMDHSK;0,997
;;;450,920227;3;26;;KYNSNLNTIRK;0,978
;;;450,921753;3;27,2;;KYNSNLNTIRK;0,985
;;;547,782715;2;30,7;;YNSNLNTIR;0,975
;;;547,782898;2;66,8;;YNSNLNTIR;0,997
;;;;;68,2;;YNSNLNTIR;0,997
;;;598,29718;2;51,8;;HSVGVVMDHSK;0,997
;;;598,297424;2;46,4;;HSVGVVMDHSK;0,997
;;;611,829956;2;47,8;;YNSNLNTIRK;0,997
;;;611,830017;2;61;;YNSNLNTIRK;0,997
;;;667,829651;2;44,9;;HNPQcILNEPL;0,997
;;;667,829956;2;44,7;;HNPQcILNEPL;0,997
;Snake venom metalloproteinase leucurolysin-A OS=Bothrops leucurus PE=1 SV=2;VM1LA_BOTLC;324,874603;3;17,8;SVMP;KDLIKVEK;0,968
;;;437,990509;4;21,3;;YIELVVVADHGMFKK;0,987
;;;437,990967;4;22;;YIELVVVADHGMFKK;0,989
;;;450,920227;3;26;;KYNSNLNTIRK;0,978
;;;450,921753;3;27,2;;KYNSNLNTIRK;0,985
;;;540,953308;3;55,4;;YIELVVVADHGmFK;0,997
;;;540,953369;3;50,7;;YIELVVVADHGmFK;0,997
;;;540,953552;3;30,3;;YIELVVVADHGmFK;0,997
;;;547,782715;2;30,7;;YNSNLNTIR;0,975
;;;547,782898;2;66,8;;YNSNLNTIR;0,997
;;;;;68,2;;YNSNLNTIR;0,997
;;;548,773987;2;53,6;;TLTSFGEWR;0,997
;;;548,774414;2;40,7;;TLTSFGEWR;0,997
;;;583,651245;3;33,4;;YIELVVVADHGMFKK;0,997
;;;583,65155;3;19,7;;YIELVVVADHGMFKK;0,975
;;;583,651794;3;37,3;;YIELVVVADHGMFKK;0,997
;;;583,955322;3;34,8;;WVHEMLNTVNGFFR;0,997
;;;583,955444;3;39,2;;WVHEMLNTVNGFFR;0,997
;;;611,829956;2;47,8;;YNSNLNTIRK;0,997
;;;611,830017;2;61;;YNSNLNTIRK;0,997
;;;626,653503;3;70,5;;KWVHEMLNTVNGFFR;0,997
;;;626,65387;3;49,1;;KWVHEMLNTVNGFFR;0,997
;;;739,127136;4;24;;YNSNLNTIRKWVHEMLNTVNGFFR;0,993
;;;810,92572;2;63,3;;YIELVVVADHGmFK;0,997
;;;810,925964;2;63,3;;YIELVVVADHGmFK;0,997
;;;818,923767;2;30,2;;YIELVVVADHGmFK;0,99
;;;875,429016;2;69,6;;WVHEMLNTVNGFFR;0,997
;;;875,429443;2;64,2;;WVHEMLNTVNGFFR;0,997
;;;939,476135;2;62,5;;KWVHEMLNTVNGFFR;0,997
;;;939,477722;2;55,3;;KWVHEMLNTVNGFFR;0,997
;;;985,165771;3;49,2;;YNSNLNTIRKWVHEMLNTVNGFFR;0,997
;;;985,169434;3;71,2;;YNSNLNTIRKWVHEMLNTVNGFFR;0,997
;Snake venom serine proteinase 10 OS=Crotalus adamanteus PE=2 SV=1;J3S3W4_CROAD,T1DE97_CROOH;554,614563;3;40,3;SVSP;TNNEWEKDIMLIR;0,997
;;;590,803589;2;38,9;;IMGWGTISSTK;0,99
;Thrombin-like enzyme asperase OS=Bothrops asper PE=1 SV=1;VSPL_BOTAS;570,782349;2;45,8;SVSP;VSDYTEWIK;0,997
;;;570,78241;2;39;;VSDYTEWIK;0,997
;;;595,815735;2;65,4;;IMGWGTISPTK;0,997
;;;595,81842;2;51,4;;IMGWGTISPTK;0,997
;;;621,810974;2;71,9;;SIIAGNTAAAcPP;0,997
;;;621,811401;2;53,4;;SIIAGNTAAAcPP;0,997
;;;644,82666;2;60,7;;NFQMQLGVHSK;0,997
;;;644,826965;2;54,1;;NFQMQLGVHSK;0,997
;;;722,358276;2;27,4;;VLNEDEQTRDPK;0,961
;;;826,419556;3;60,2;;VSNSEHIAPLSLPSSPPSVGSVcR;0,997
;;;1153,087402;2;59,3;;AAYPWQPVSSTTLcAGILQGGK;0,997
;Thrombin-like enzyme batroxobin OS=Bothrops atrox PE=1 SV=1;VSPF_BOTAT;390,48053;4;16,1;SVSP;KNVITDKDIMLIR;0,975
;;;472,899719;3;57,6;;HAGSVANYDEVVR;0,997
;;;472,899933;3;54,8;;HAGSVANYDEVVR;0,997
;;;477,606049;3;26,1;;NVITDKDIMLIR;0,997
;;;477,60611;3;17,7;;NVITDKDIMLIR;0,961
;;;602,302917;3;41,1;;HAGSVANYDEVVRYPK;0,997
;;;602,303894;3;51,5;;HAGSVANYDEVVRYPK;0,997
;;;622,005493;3;27,1;;VFDYLPWIQSIIAGNK;0,991
;;;685,826416;4;41;;YFcGMTLINQEWVLTAAHcNRR;0,997
;;;685,826721;4;47,7;;YFcGMTLINQEWVLTAAHcNRR;0,997
;;;689,825989;4;26,9;;YFcGMTLINQEWVLTAAHcNRR;0,997
;;;708,846191;2;82,6;;HAGSVANYDEVVR;0,997
;;;708,846313;2;77,1;;HAGSVANYDEVVR;0,997
;;;715,905212;2;44,7;;NVITDKDIMLIR;0,997
;;;715,906128;2;61,5;;NVITDKDIMLIR;0,997
;;;723,903198;2;46,5;;NVITDKDIMLIR;0,997
;;;723,904236;2;38,5;;NVITDKDIMLIR;0,994
;;;773,389404;3;47,5;;NSEHIAPLSLPSNPPSVGSVcR;0,997
;;;773,390808;3;43,7;;NSEHIAPLSLPSNPPSVGSVcR;0,997
;;;862,067566;3;37,4;;YFcGmTLINQEWVLTAAHcNR;0,997
;;;862,068176;3;40,8;;YFcGmTLINQEWVLTAAHcNR;0,997
;;;867,398071;3;29,6;;YFcGmTLINQEWVLTAAHcNR;0,997
;;;867,399841;3;29,7;;YFcGmTLINQEWVLTAAHcNR;0,997
;;;914,101013;3;16,8;;YFcGMTLINQEWVLTAAHcNRR;0,959
;;;1159,579834;2;47,4;;NSEHIAPLSLPSNPPSVGSVcR;0,997
;;;1159,584717;2;59,4;;NSEHIAPLSLPSNPPSVGSVcR;0,997
;;;1292,599731;2;97,2;;YFcGmTLINQEWVLTAAHcNR;0,997
;Zinc metalloproteinase/disintegrin OS=Bothrops insularis PE=1 SV=1;VM2IA_BOTIN;324,874603;3;17,8;SVMP;KDLIKVEK;0,968
;;;547,782715;2;30,7;;YNSNLNTIR;0,975
;;;547,782898;2;66,8;;YNSNLNTIR;0,997
;;;;;68,2;;YNSNLNTIR;0,997
;;;548,773987;2;53,6;;TLTSFGEWR;0,997
;;;548,774414;2;40,7;;TLTSFGEWR;0,997
;;;576,231934;2;55,6;;cTGQSADcPR;0,997
;;;640,922852;3;40;;GDNPDDRcTGQSADcPR;0,997
;;;640,923462;3;40,3;;GDNPDDRcTGQSADcPR;0,997
;;;716,635925;3;27,4;;ARGDNPDDRcTGQSADcPR;0,997
;;;814,306396;2;71,7;;AQcAEGLccDQcR;0,997
;;;814,307434;2;82,7;;AQcAEGLccDQcR;0,997
;Zinc metalloproteinase-disintegrin-like batroxstatin-1 OS=Bothrops atrox PE=2 SV=1;VM31_BOTAT;415,224365;3;37,4;SVMP;KQNGVTIPcAR;0,997
;;;415,224396;3;33,8;;KQNGVTIPcAR;0,997
;;;622,332092;2;46,1;;KQNGVTIPcAR;0,997
;;;622,332703;2;31,3;;KQNGVTIPcAR;0,987
;;;656,367371;3;47,3;;YLIDNRPPcILNIPLR;0,997
;;;656,367981;3;48,2;;YLIDNRPPcILNIPLR;0,997
;;;803,448853;2;75,9;;YIELVIVADNVMVK;0,997
;;;803,449402;2;83,2;;YIELVIVADNVMVK;0,997
;;;839,427917;4;34,4;;KRHDNAQLLTAIDLDGPTVGLAYVGSMcNPK;0,997
;;;897,018799;3;57,8;;SEcDIAEScTGQSPEcPTDDFQR;0,997
;;;897,019287;3;45,9;;SEcDIAEScTGQSPEcPTDDFQR;0,997
;;;897,365356;2;52;;LIPGAQcEDGEccER;0,997
;;;897,365662;2;68;;LIPGAQcEDGEccER;0,997
;;;984,047424;2;27;;YLIDNRPPcILNIPLR;0,979
;;;1024,170898;3;59,4;;HDNAQLLTAIDLDGPTVGLAYVGSMcNPK;0,997
;;;1024,171875;3;61,1;;HDNAQLLTAIDLDGPTVGLAYVGSMcNPK;0,997
;;;1180,882568;3;88,2;;LFcVQGPIGNTIScQSTSSQDDPDIGMVDLGTK;0,997
;;;1180,883179;3;79,5;;LFcVQGPIGNTIScQSTSSQDDPDIGMVDLGTK;0,997
;;;1345,026855;2;54,1;;SEcDIAEScTGQSPEcPTDDFQR;0,997
;;;1345,026978;2;56,8;;SEcDIAEScTGQSPEcPTDDFQR;0,997
;Zinc metalloproteinase-disintegrin-like batroxstatin-3 (Fragment) OS=Bothrops atrox PE=2 SV=1;VM33_BOTAT;382,208344;3;29,1;SVMP;YTHNLIDIR;0,997
;;;382,208557;3;27,2;;YTHNLIDIR;0,993
;;;547,583374;3;24,7;;YQYLDNGMVDHGTK;0,995
;;;547,583496;3;29,5;;YQYLDNGMVDHGTK;0,997
;;;572,809204;2;36,8;;YTHNLIDIR;0,996
;;;614,856873;2;40,8;;LVIVADNVMVR;0,997
;;;614,856934;2;51,8;;LVIVADNVMVR;0,997
;;;820,871765;2;47,8;;YQYLDNGMVDHGTK;0,997
;;;820,872803;2;57,7;;YQYLDNGMVDHGTK;0,997
;Zinc metalloproteinase-disintegrin-like berythractivase OS=Bothrops erythromelas PE=1 SV=1;VM3BE_BOTER;379,876404;3;42,6;SVMP;YKDDLDKIK;0,997
;;;379,87674;3;41,4;;YKDDLDKIK;0,997
;;;401,72818;2;28,6;;GMVLPGTK;0,955
;;;569,311035;2;45,9;;YKDDLDKIK;0,997
;;;569,311096;2;32,8;;YKDDLDKIK;0,995
;;;609,654907;3;36,2;;KYVEFVVVLDHGMYK;0,997
;;;849,931458;2;75;;YVEFVVVLDHGMYK;0,997
;;;919,678406;3;60,2;;HDcDLPEScTGQSADcPMDDFQR;0,997
;;;919,679199;3;49,3;;HDcDLPEScTGQSADcPMDDFQR;0,997
;Zinc metalloproteinase-disintegrin-like jararhagin (Fragment) OS=Bothrops jararaca PE=1 SV=1;VM3JA_BOTJA;386,20639;3;24,6;SVMP;KIPcAPEDVK;0,977
;;;401,72818;2;28,6;;GMVLPGTK;0,955
;;;508,772339;2;31,4;;NNGDLDKIK;0,992
;;;508,772522;2;36,3;;NNGDLDKIK;0,996
;;;514,757385;2;37,8;;IPcAPEDVK;0,997
;;;514,757568;2;35,4;;IPcAPEDVK;0,997
;;;526,716187;2;38,3;;GNYYGYcR;0,99
;;;526,71637;2;41,4;;GNYYGYcR;0,99
;;;537,94458;3;42,6;;mYELANIVNEIFR;0,997
;;;537,944824;3;39,7;;mYELANIVNEIFR;0,997
;;;543,276123;3;33,2;;mYELANIVNEIFR;0,997
;;;;;48,3;;mYELANIVNEIFR;0,997
;;;543,276184;3;39;;mYELANIVNEIFR;0,997
;;;;;48,4;;mYELANIVNEIFR;0,997
;;;543,276245;3;34,7;;mYELANIVNEIFR;0,997
;;;543,276367;3;25,8;;mYELANIVNEIFR;0,99
;;;578,804932;2;28,8;;KIPcAPEDVK;0,99
;;;598,934326;3;22,4;;LYcKDNSPGQNNPcK;0,995
;;;615,760925;2;36,8;;DNSPGQNNPcK;0,995
;;;615,763733;2;31,6;;DNSPGQNNPcK;0,968
;;;667,32605;5;27,6;;KHDNAQLLTAIDFNGPTIGYAYIGSMcHPK;0,991
;;;667,328491;5;33,5;;KHDNAQLLTAIDFNGPTIGYAYIGSMcHPK;0,997
;;;692,948242;5;49,5;;KKHDNAQLLTAIDFNGPTIGYAYIGSMcHPK;0,997
;;;692,948364;5;39,6;;KKHDNAQLLTAIDFNGPTIGYAYIGSMcHPK;0,997
;;;718,699219;3;31,2;;ITVKPDVDYTLNSFAEWR;0,996
;;;718,699951;3;29,1;;ITVKPDVDYTLNSFAEWR;0,997
;;;;;29,2;;ITVKPDVDYTLNSFAEWR;0,997
;;;;;33,3;;ITVKPDVDYTLNSFAEWR;0,997
;;;718,700012;3;23,4;;ITVKPDVDYTLNSFAEWR;0,99
;;;718,700073;3;22,1;;ITVKPDVDYTLNSFAEWR;0,989
;;;718,701233;3;29;;ITVKPDVDYTLNSFAEWR;0,991
;;;735,043457;4;36,5;;ASMSEcDPAEHcTGQSSEcPADVFHK;0,997
;;;735,043884;4;28,2;;ASMSEcDPAEHcTGQSSEcPADVFHK;0,997
;;;739,04303;4;38,3;;ASMSEcDPAEHcTGQSSEcPADVFHK;0,997
;;;739,043152;4;39,6;;ASMSEcDPAEHcTGQSSEcPADVFHK;0,997
;;;776,829346;2;47,2;;VcSNGHcVDVATAY;0,997
;;;776,829407;2;34,3;;VcSNGHcVDVATAY;0,997
;;;801,885803;4;40,2;;HDNAQLLTAIDFNGPTIGYAYIGSMcHPK;0,997
;;;801,886169;4;46,1;;HDNAQLLTAIDFNGPTIGYAYIGSMcHPK;0,997
;;;805,890442;4;33,1;;HDNAQLLTAIDFNGPTIGYAYIGSMcHPK;0,98
;;;806,411072;2;80,5;;mYELANIVNEIFR;0,997
;;;806,413025;2;66,6;;mYELANIVNEIFR;0,997
;;;806,413086;2;76,8;;mYELANIVNEIFR;0,997
;;;806,413208;2;70;;mYELANIVNEIFR;0,997
;;;806,413269;2;69,5;;mYELANIVNEIFR;0,997
;;;806,413513;2;72;;mYELANIVNEIFR;0,997
;;;806,413818;2;61,7;;mYELANIVNEIFR;0,997
;;;806,41394;2;60,7;;mYELANIVNEIFR;0,997
;;;806,414307;2;68;;mYELANIVNEIFR;0,997
;;;806,414429;2;54,4;;mYELANIVNEIFR;0,997
;;;806,415405;2;69,9;;mYELANIVNEIFR;0,997
;;;814,407471;2;68,7;;mYELANIVNEIFR;0,997
;;;814,4104;2;76,9;;mYELANIVNEIFR;0,997
;;;814,411133;2;73,2;;mYELANIVNEIFR;0,997
;;;814,411255;2;82,7;;mYELANIVNEIFR;0,997
;;;814,411316;2;86,9;;mYELANIVNEIFR;0,997
;;;814,411377;2;74,8;;mYELANIVNEIFR;0,997
;;;814,411438;2;74,3;;mYELANIVNEIFR;0,997
;;;814,411682;2;65,3;;mYELANIVNEIFR;0,997
;;;833,909424;4;41,3;;KHDNAQLLTAIDFNGPTIGYAYIGSMcHPK;0,997
;;;833,909607;4;30,2;;KHDNAQLLTAIDFNGPTIGYAYIGSMcHPK;0,997
;;;865,933899;4;69,7;;KKHDNAQLLTAIDFNGPTIGYAYIGSMcHPK;0,997
;;;865,93396;4;51,9;;KKHDNAQLLTAIDFNGPTIGYAYIGSMcHPK;0,997
;;;897,891785;2;54,5;;LYcKDNSPGQNNPcK;0,997
;;;897,902893;2;62,9;;LYcKDNSPGQNNPcK;0,997
;;;979,722046;3;54,7;;ASMSEcDPAEHcTGQSSEcPADVFHK;0,997
;;;979,722534;3;64;;ASMSEcDPAEHcTGQSSEcPADVFHK;0,997
;;;985,053528;3;63,5;;ASMSEcDPAEHcTGQSSEcPADVFHK;0,997
;;;985,054749;3;86,3;;ASMSEcDPAEHcTGQSSEcPADVFHK;0,997
;;;1068,844482;3;91,1;;HDNAQLLTAIDFNGPTIGYAYIGSMcHPK;0,997
;;;1068,845581;3;95,6;;HDNAQLLTAIDFNGPTIGYAYIGSMcHPK;0,997
;;;1077,546387;2;90,9;;ITVKPDVDYTLNSFAEWR;0,997
;;;1077,546509;2;87,2;;ITVKPDVDYTLNSFAEWR;0,997
;;;1154,241943;3;60,9;;KKHDNAQLLTAIDFNGPTIGYAYIGSMcHPK;0,997
;;;;;;;;
"CTL: C-type lectin; LAAO: L-amino acid oxidase; OT: other; PL: phospholipase; SVMP: snake venom metalloproteinase; SVSP: snake venom serine proteinase.";;;;;;;;